--
-- PostgreSQL database dump
--

-- Dumped from database version 16.6 (Ubuntu 16.6-1.pgdg22.04+1)
-- Dumped by pg_dump version 16.6 (Ubuntu 16.6-1.pgdg22.04+1)

SET statement_timeout = 0;
SET lock_timeout = 0;
SET idle_in_transaction_session_timeout = 0;
SET client_encoding = 'UTF8';
SET standard_conforming_strings = on;
SELECT pg_catalog.set_config('search_path', '', false);
SET check_function_bodies = false;
SET xmloption = content;
SET client_min_messages = warning;
SET row_security = off;

SET default_tablespace = '';

SET default_table_access_method = heap;

--
-- Name: auth_group; Type: TABLE; Schema: public; Owner: postgres
--

CREATE TABLE public.auth_group (
    id integer NOT NULL,
    name character varying(150) NOT NULL
);


ALTER TABLE public.auth_group OWNER TO postgres;

--
-- Name: auth_group_id_seq; Type: SEQUENCE; Schema: public; Owner: postgres
--

ALTER TABLE public.auth_group ALTER COLUMN id ADD GENERATED BY DEFAULT AS IDENTITY (
    SEQUENCE NAME public.auth_group_id_seq
    START WITH 1
    INCREMENT BY 1
    NO MINVALUE
    NO MAXVALUE
    CACHE 1
);


--
-- Name: auth_group_permissions; Type: TABLE; Schema: public; Owner: postgres
--

CREATE TABLE public.auth_group_permissions (
    id bigint NOT NULL,
    group_id integer NOT NULL,
    permission_id integer NOT NULL
);


ALTER TABLE public.auth_group_permissions OWNER TO postgres;

--
-- Name: auth_group_permissions_id_seq; Type: SEQUENCE; Schema: public; Owner: postgres
--

ALTER TABLE public.auth_group_permissions ALTER COLUMN id ADD GENERATED BY DEFAULT AS IDENTITY (
    SEQUENCE NAME public.auth_group_permissions_id_seq
    START WITH 1
    INCREMENT BY 1
    NO MINVALUE
    NO MAXVALUE
    CACHE 1
);


--
-- Name: auth_permission; Type: TABLE; Schema: public; Owner: postgres
--

CREATE TABLE public.auth_permission (
    id integer NOT NULL,
    name character varying(255) NOT NULL,
    content_type_id integer NOT NULL,
    codename character varying(100) NOT NULL
);


ALTER TABLE public.auth_permission OWNER TO postgres;

--
-- Name: auth_permission_id_seq; Type: SEQUENCE; Schema: public; Owner: postgres
--

ALTER TABLE public.auth_permission ALTER COLUMN id ADD GENERATED BY DEFAULT AS IDENTITY (
    SEQUENCE NAME public.auth_permission_id_seq
    START WITH 1
    INCREMENT BY 1
    NO MINVALUE
    NO MAXVALUE
    CACHE 1
);


--
-- Name: auth_user; Type: TABLE; Schema: public; Owner: postgres
--

CREATE TABLE public.auth_user (
    id integer NOT NULL,
    password character varying(128) NOT NULL,
    last_login timestamp with time zone,
    is_superuser boolean NOT NULL,
    username character varying(150) NOT NULL,
    first_name character varying(150) NOT NULL,
    last_name character varying(150) NOT NULL,
    email character varying(254) NOT NULL,
    is_staff boolean NOT NULL,
    is_active boolean NOT NULL,
    date_joined timestamp with time zone NOT NULL
);


ALTER TABLE public.auth_user OWNER TO postgres;

--
-- Name: auth_user_groups; Type: TABLE; Schema: public; Owner: postgres
--

CREATE TABLE public.auth_user_groups (
    id bigint NOT NULL,
    user_id integer NOT NULL,
    group_id integer NOT NULL
);


ALTER TABLE public.auth_user_groups OWNER TO postgres;

--
-- Name: auth_user_groups_id_seq; Type: SEQUENCE; Schema: public; Owner: postgres
--

ALTER TABLE public.auth_user_groups ALTER COLUMN id ADD GENERATED BY DEFAULT AS IDENTITY (
    SEQUENCE NAME public.auth_user_groups_id_seq
    START WITH 1
    INCREMENT BY 1
    NO MINVALUE
    NO MAXVALUE
    CACHE 1
);


--
-- Name: auth_user_id_seq; Type: SEQUENCE; Schema: public; Owner: postgres
--

ALTER TABLE public.auth_user ALTER COLUMN id ADD GENERATED BY DEFAULT AS IDENTITY (
    SEQUENCE NAME public.auth_user_id_seq
    START WITH 1
    INCREMENT BY 1
    NO MINVALUE
    NO MAXVALUE
    CACHE 1
);


--
-- Name: auth_user_user_permissions; Type: TABLE; Schema: public; Owner: postgres
--

CREATE TABLE public.auth_user_user_permissions (
    id bigint NOT NULL,
    user_id integer NOT NULL,
    permission_id integer NOT NULL
);


ALTER TABLE public.auth_user_user_permissions OWNER TO postgres;

--
-- Name: auth_user_user_permissions_id_seq; Type: SEQUENCE; Schema: public; Owner: postgres
--

ALTER TABLE public.auth_user_user_permissions ALTER COLUMN id ADD GENERATED BY DEFAULT AS IDENTITY (
    SEQUENCE NAME public.auth_user_user_permissions_id_seq
    START WITH 1
    INCREMENT BY 1
    NO MINVALUE
    NO MAXVALUE
    CACHE 1
);


--
-- Name: django_admin_log; Type: TABLE; Schema: public; Owner: postgres
--

CREATE TABLE public.django_admin_log (
    id integer NOT NULL,
    action_time timestamp with time zone NOT NULL,
    object_id text,
    object_repr character varying(200) NOT NULL,
    action_flag smallint NOT NULL,
    change_message text NOT NULL,
    content_type_id integer,
    user_id integer NOT NULL,
    CONSTRAINT django_admin_log_action_flag_check CHECK ((action_flag >= 0))
);


ALTER TABLE public.django_admin_log OWNER TO postgres;

--
-- Name: django_admin_log_id_seq; Type: SEQUENCE; Schema: public; Owner: postgres
--

ALTER TABLE public.django_admin_log ALTER COLUMN id ADD GENERATED BY DEFAULT AS IDENTITY (
    SEQUENCE NAME public.django_admin_log_id_seq
    START WITH 1
    INCREMENT BY 1
    NO MINVALUE
    NO MAXVALUE
    CACHE 1
);


--
-- Name: django_content_type; Type: TABLE; Schema: public; Owner: postgres
--

CREATE TABLE public.django_content_type (
    id integer NOT NULL,
    app_label character varying(100) NOT NULL,
    model character varying(100) NOT NULL
);


ALTER TABLE public.django_content_type OWNER TO postgres;

--
-- Name: django_content_type_id_seq; Type: SEQUENCE; Schema: public; Owner: postgres
--

ALTER TABLE public.django_content_type ALTER COLUMN id ADD GENERATED BY DEFAULT AS IDENTITY (
    SEQUENCE NAME public.django_content_type_id_seq
    START WITH 1
    INCREMENT BY 1
    NO MINVALUE
    NO MAXVALUE
    CACHE 1
);


--
-- Name: django_migrations; Type: TABLE; Schema: public; Owner: postgres
--

CREATE TABLE public.django_migrations (
    id bigint NOT NULL,
    app character varying(255) NOT NULL,
    name character varying(255) NOT NULL,
    applied timestamp with time zone NOT NULL
);


ALTER TABLE public.django_migrations OWNER TO postgres;

--
-- Name: django_migrations_id_seq; Type: SEQUENCE; Schema: public; Owner: postgres
--

ALTER TABLE public.django_migrations ALTER COLUMN id ADD GENERATED BY DEFAULT AS IDENTITY (
    SEQUENCE NAME public.django_migrations_id_seq
    START WITH 1
    INCREMENT BY 1
    NO MINVALUE
    NO MAXVALUE
    CACHE 1
);


--
-- Name: django_session; Type: TABLE; Schema: public; Owner: postgres
--

CREATE TABLE public.django_session (
    session_key character varying(40) NOT NULL,
    session_data text NOT NULL,
    expire_date timestamp with time zone NOT NULL
);


ALTER TABLE public.django_session OWNER TO postgres;

--
-- Name: models_booking; Type: TABLE; Schema: public; Owner: postgres
--

CREATE TABLE public.models_booking (
    id bigint NOT NULL,
    customer_name character varying(255) NOT NULL,
    customer_email character varying(254) NOT NULL,
    customer_phone character varying(20) NOT NULL,
    status character varying(10) NOT NULL,
    total_price double precision NOT NULL,
    created_at timestamp with time zone NOT NULL,
    updated_at timestamp with time zone NOT NULL,
    seat_id_id bigint NOT NULL,
    show_id_id bigint NOT NULL
);


ALTER TABLE public.models_booking OWNER TO postgres;

--
-- Name: models_booking_id_seq; Type: SEQUENCE; Schema: public; Owner: postgres
--

ALTER TABLE public.models_booking ALTER COLUMN id ADD GENERATED BY DEFAULT AS IDENTITY (
    SEQUENCE NAME public.models_booking_id_seq
    START WITH 1
    INCREMENT BY 1
    NO MINVALUE
    NO MAXVALUE
    CACHE 1
);


--
-- Name: models_cinema; Type: TABLE; Schema: public; Owner: postgres
--

CREATE TABLE public.models_cinema (
    id bigint NOT NULL,
    name character varying(255) NOT NULL,
    phone_number character varying(20),
    email character varying(150),
    address character varying(255) NOT NULL,
    start_time time without time zone NOT NULL,
    end_time time without time zone NOT NULL,
    created_at timestamp with time zone NOT NULL,
    updated_at timestamp with time zone NOT NULL,
    city_id bigint NOT NULL
);


ALTER TABLE public.models_cinema OWNER TO postgres;

--
-- Name: models_cinema_id_seq; Type: SEQUENCE; Schema: public; Owner: postgres
--

ALTER TABLE public.models_cinema ALTER COLUMN id ADD GENERATED BY DEFAULT AS IDENTITY (
    SEQUENCE NAME public.models_cinema_id_seq
    START WITH 1
    INCREMENT BY 1
    NO MINVALUE
    NO MAXVALUE
    CACHE 1
);


--
-- Name: models_city; Type: TABLE; Schema: public; Owner: postgres
--

CREATE TABLE public.models_city (
    id bigint NOT NULL,
    name character varying(255) NOT NULL,
    country_id bigint NOT NULL,
    created_at timestamp with time zone NOT NULL,
    updated_at timestamp with time zone NOT NULL
);


ALTER TABLE public.models_city OWNER TO postgres;

--
-- Name: models_city_id_seq; Type: SEQUENCE; Schema: public; Owner: postgres
--

ALTER TABLE public.models_city ALTER COLUMN id ADD GENERATED BY DEFAULT AS IDENTITY (
    SEQUENCE NAME public.models_city_id_seq
    START WITH 1
    INCREMENT BY 1
    NO MINVALUE
    NO MAXVALUE
    CACHE 1
);


--
-- Name: models_country; Type: TABLE; Schema: public; Owner: postgres
--

CREATE TABLE public.models_country (
    id bigint NOT NULL,
    name character varying(255) NOT NULL,
    created_at timestamp with time zone NOT NULL,
    updated_at timestamp with time zone NOT NULL
);


ALTER TABLE public.models_country OWNER TO postgres;

--
-- Name: models_country_id_seq; Type: SEQUENCE; Schema: public; Owner: postgres
--

ALTER TABLE public.models_country ALTER COLUMN id ADD GENERATED BY DEFAULT AS IDENTITY (
    SEQUENCE NAME public.models_country_id_seq
    START WITH 1
    INCREMENT BY 1
    NO MINVALUE
    NO MAXVALUE
    CACHE 1
);


--
-- Name: models_hall; Type: TABLE; Schema: public; Owner: postgres
--

CREATE TABLE public.models_hall (
    id bigint NOT NULL,
    name character varying(100) NOT NULL,
    seat_rows integer NOT NULL,
    seats_per_row integer NOT NULL,
    created_at timestamp with time zone NOT NULL,
    updated_at timestamp with time zone NOT NULL,
    cinema_id_id bigint NOT NULL
);


ALTER TABLE public.models_hall OWNER TO postgres;

--
-- Name: models_hall_id_seq; Type: SEQUENCE; Schema: public; Owner: postgres
--

ALTER TABLE public.models_hall ALTER COLUMN id ADD GENERATED BY DEFAULT AS IDENTITY (
    SEQUENCE NAME public.models_hall_id_seq
    START WITH 1
    INCREMENT BY 1
    NO MINVALUE
    NO MAXVALUE
    CACHE 1
);


--
-- Name: models_movie; Type: TABLE; Schema: public; Owner: postgres
--

CREATE TABLE public.models_movie (
    id bigint NOT NULL,
    name character varying(255) NOT NULL,
    description text NOT NULL,
    duration integer NOT NULL,
    genre character varying(100) NOT NULL,
    created_at timestamp with time zone NOT NULL,
    updated_at timestamp with time zone NOT NULL
);


ALTER TABLE public.models_movie OWNER TO postgres;

--
-- Name: models_movie_id_seq; Type: SEQUENCE; Schema: public; Owner: postgres
--

ALTER TABLE public.models_movie ALTER COLUMN id ADD GENERATED BY DEFAULT AS IDENTITY (
    SEQUENCE NAME public.models_movie_id_seq
    START WITH 1
    INCREMENT BY 1
    NO MINVALUE
    NO MAXVALUE
    CACHE 1
);


--
-- Name: models_seat; Type: TABLE; Schema: public; Owner: postgres
--

CREATE TABLE public.models_seat (
    id bigint NOT NULL,
    row_number integer NOT NULL,
    seat_number integer NOT NULL,
    seat_type character varying(10) NOT NULL,
    hall_id bigint NOT NULL,
    seat_order integer NOT NULL
);


ALTER TABLE public.models_seat OWNER TO postgres;

--
-- Name: models_seat_id_seq; Type: SEQUENCE; Schema: public; Owner: postgres
--

ALTER TABLE public.models_seat ALTER COLUMN id ADD GENERATED BY DEFAULT AS IDENTITY (
    SEQUENCE NAME public.models_seat_id_seq
    START WITH 1
    INCREMENT BY 1
    NO MINVALUE
    NO MAXVALUE
    CACHE 1
);


--
-- Name: models_show; Type: TABLE; Schema: public; Owner: postgres
--

CREATE TABLE public.models_show (
    id bigint NOT NULL,
    date date NOT NULL,
    "time" time without time zone NOT NULL,
    hall_id_id bigint NOT NULL,
    movie_id_id bigint NOT NULL,
    created_at timestamp with time zone NOT NULL,
    standard_price double precision NOT NULL,
    updated_at timestamp with time zone NOT NULL,
    vip_price double precision NOT NULL
);


ALTER TABLE public.models_show OWNER TO postgres;

--
-- Name: models_show_id_seq; Type: SEQUENCE; Schema: public; Owner: postgres
--

ALTER TABLE public.models_show ALTER COLUMN id ADD GENERATED BY DEFAULT AS IDENTITY (
    SEQUENCE NAME public.models_show_id_seq
    START WITH 1
    INCREMENT BY 1
    NO MINVALUE
    NO MAXVALUE
    CACHE 1
);


--
-- Data for Name: auth_group; Type: TABLE DATA; Schema: public; Owner: postgres
--

COPY public.auth_group (id, name) FROM stdin;
\.


--
-- Data for Name: auth_group_permissions; Type: TABLE DATA; Schema: public; Owner: postgres
--

COPY public.auth_group_permissions (id, group_id, permission_id) FROM stdin;
\.


--
-- Data for Name: auth_permission; Type: TABLE DATA; Schema: public; Owner: postgres
--

COPY public.auth_permission (id, name, content_type_id, codename) FROM stdin;
1	Can add log entry	1	add_logentry
2	Can change log entry	1	change_logentry
3	Can delete log entry	1	delete_logentry
4	Can view log entry	1	view_logentry
5	Can add permission	2	add_permission
6	Can change permission	2	change_permission
7	Can delete permission	2	delete_permission
8	Can view permission	2	view_permission
9	Can add group	3	add_group
10	Can change group	3	change_group
11	Can delete group	3	delete_group
12	Can view group	3	view_group
13	Can add user	4	add_user
14	Can change user	4	change_user
15	Can delete user	4	delete_user
16	Can view user	4	view_user
17	Can add content type	5	add_contenttype
18	Can change content type	5	change_contenttype
19	Can delete content type	5	delete_contenttype
20	Can view content type	5	view_contenttype
21	Can add session	6	add_session
22	Can change session	6	change_session
23	Can delete session	6	delete_session
24	Can view session	6	view_session
25	Can add country	7	add_country
26	Can change country	7	change_country
27	Can delete country	7	delete_country
28	Can view country	7	view_country
29	Can add city	8	add_city
30	Can change city	8	change_city
31	Can delete city	8	delete_city
32	Can view city	8	view_city
33	Can add cinema	9	add_cinema
34	Can change cinema	9	change_cinema
35	Can delete cinema	9	delete_cinema
36	Can view cinema	9	view_cinema
37	Can add hall	10	add_hall
38	Can change hall	10	change_hall
39	Can delete hall	10	delete_hall
40	Can view hall	10	view_hall
41	Can add movie	11	add_movie
42	Can change movie	11	change_movie
43	Can delete movie	11	delete_movie
44	Can view movie	11	view_movie
45	Can add seat	12	add_seat
46	Can change seat	12	change_seat
47	Can delete seat	12	delete_seat
48	Can view seat	12	view_seat
49	Can add show	13	add_show
50	Can change show	13	change_show
51	Can delete show	13	delete_show
52	Can view show	13	view_show
53	Can add booking	14	add_booking
54	Can change booking	14	change_booking
55	Can delete booking	14	delete_booking
56	Can view booking	14	view_booking
\.


--
-- Data for Name: auth_user; Type: TABLE DATA; Schema: public; Owner: postgres
--

COPY public.auth_user (id, password, last_login, is_superuser, username, first_name, last_name, email, is_staff, is_active, date_joined) FROM stdin;
1	pbkdf2_sha256$870000$Ti2Wm3oNzvdpJmAtFqy3s8$xaXZ5cbGH++70EBwY26Is1caCjteSL4q4z6DrbSAj2s=	2025-01-29 18:42:00.599335+04	t	stepan				t	t	2025-01-29 18:41:45.531306+04
\.


--
-- Data for Name: auth_user_groups; Type: TABLE DATA; Schema: public; Owner: postgres
--

COPY public.auth_user_groups (id, user_id, group_id) FROM stdin;
\.


--
-- Data for Name: auth_user_user_permissions; Type: TABLE DATA; Schema: public; Owner: postgres
--

COPY public.auth_user_user_permissions (id, user_id, permission_id) FROM stdin;
\.


--
-- Data for Name: django_admin_log; Type: TABLE DATA; Schema: public; Owner: postgres
--

COPY public.django_admin_log (id, action_time, object_id, object_repr, action_flag, change_message, content_type_id, user_id) FROM stdin;
1	2025-01-29 18:43:48.159478+04	1	Armenia	1	[{"added": {}}]	7	1
2	2025-01-29 18:43:56.014365+04	1	Yerevan, Armenia	1	[{"added": {}}]	8	1
3	2025-01-29 18:44:44.127489+04	1	Cinema object (1)	1	[{"added": {}}]	9	1
4	2025-01-29 18:45:12.321739+04	1	Cinema Star	2	[{"changed": {"fields": ["Name"]}}]	9	1
5	2025-01-29 18:45:58.800498+04	1	Blue Hall - Cinema Star	1	[{"added": {}}]	10	1
6	2025-01-29 18:46:18.665214+04	1	Hall: Blue Hall, Row: 1, Seat: 1	1	[{"added": {}}]	12	1
7	2025-01-29 18:49:58.451161+04	2	Hall: Blue Hall, Row: 1, Seat: 2	1	[{"added": {}}]	12	1
8	2025-01-29 18:50:09.411944+04	3	Hall: Blue Hall, Row: 1, Seat: 3	1	[{"added": {}}]	12	1
9	2025-01-29 18:50:15.560176+04	4	Hall: Blue Hall, Row: 1, Seat: 4	1	[{"added": {}}]	12	1
10	2025-01-29 18:50:20.833329+04	5	Hall: Blue Hall, Row: 1, Seat: 5	1	[{"added": {}}]	12	1
11	2025-01-29 18:50:27.358526+04	6	Hall: Blue Hall, Row: 1, Seat: 6	1	[{"added": {}}]	12	1
12	2025-01-29 18:50:46.422456+04	7	Hall: Blue Hall, Row: 1, Seat: 7	1	[{"added": {}}]	12	1
13	2025-01-29 18:50:53.240965+04	8	Hall: Blue Hall, Row: 1, Seat: 8	1	[{"added": {}}]	12	1
14	2025-01-29 18:50:59.235092+04	9	Hall: Blue Hall, Row: 1, Seat: 9	1	[{"added": {}}]	12	1
15	2025-01-29 18:51:04.403543+04	10	Hall: Blue Hall, Row: 1, Seat: 10	1	[{"added": {}}]	12	1
16	2025-01-29 18:51:25.215169+04	11	Hall: Blue Hall, Row: 2, Seat: 1	1	[{"added": {}}]	12	1
17	2025-01-29 19:00:52.636075+04	1	Peaky Blinders	1	[{"added": {}}]	11	1
18	2025-01-29 19:01:50.762859+04	1	Show object (1)	1	[{"added": {}}]	13	1
19	2025-01-30 08:44:02.85831+04	1	Peaky Blinders, Blue Hall, 2025-01-30 21:00 	2	[{"changed": {"fields": ["Time"]}}]	13	1
20	2025-01-30 09:09:10.408521+04	1	Yerevan, Armenia	2	[]	8	1
21	2025-01-30 09:12:24.269232+04	1	Peaky Blinders, Blue Hall, 2025-01-30 21:00 	2	[]	13	1
22	2025-01-30 09:22:57.770453+04	2	Hall: Blue Hall, Row: 1, Seat: 2	2	[{"changed": {"fields": ["Seat order"]}}]	12	1
23	2025-01-30 09:46:39.712657+04	2	Booking by Stepan for Peaky Blinders on 2025-01-30 at 21:00:00	1	[{"added": {}}]	14	1
24	2025-01-30 09:49:01.677381+04	3	Booking by Aram for Peaky Blinders on 2025-01-30 at 21:00:00	1	[{"added": {}}]	14	1
25	2025-01-30 11:13:52.726164+04	2	Red - Cinema Star	1	[{"added": {}}]	10	1
26	2025-01-30 11:32:09.364352+04	2	Peaky Blinders, Red, 2025-01-30 21:00 	1	[{"added": {}}]	13	1
27	2025-01-30 11:32:47.700912+04	3	Peaky Blinders, Blue Hall, 2025-01-30 19:00 	1	[{"added": {}}]	13	1
28	2025-01-30 11:43:15.192452+04	4	Peaky Blinders, Blue Hall, 2025-01-30 09:01 	1	[{"added": {}}]	13	1
29	2025-01-30 11:44:05.509739+04	4	Peaky Blinders, Blue Hall, 2025-01-30 09:01 	3		13	1
30	2025-01-30 11:44:19.165082+04	5	Peaky Blinders, Blue Hall, 2025-01-30 09:00 	1	[{"added": {}}]	13	1
31	2025-01-30 13:28:57.256262+04	2	Mega Mall	1	[{"added": {}}]	9	1
32	2025-01-30 16:39:20.151948+04	1	Peaky Blinders, Blue Hall, 2025-01-30 16:39 	2	[{"changed": {"fields": ["Time"]}}]	13	1
33	2025-01-30 16:45:21.801861+04	1	Peaky Blinders, Blue Hall, 2025-01-30 21:00 	2	[{"changed": {"fields": ["Time"]}}]	13	1
34	2025-01-30 16:47:18.734524+04	3	Kino Moskva	1	[{"added": {}}]	9	1
35	2025-01-30 16:48:08.997976+04	3	Hall 1 - Kino Moskva	1	[{"added": {}}]	10	1
36	2025-01-30 17:03:48.684412+04	2	Avatar	1	[{"added": {}}]	11	1
37	2025-01-30 17:05:04.19933+04	3	Kino Moskva	2	[{"changed": {"fields": ["End time"]}}]	9	1
38	2025-01-30 17:05:11.025634+04	6	Avatar, Hall 1, 2025-01-30 21:00 	1	[{"added": {}}]	13	1
\.


--
-- Data for Name: django_content_type; Type: TABLE DATA; Schema: public; Owner: postgres
--

COPY public.django_content_type (id, app_label, model) FROM stdin;
1	admin	logentry
2	auth	permission
3	auth	group
4	auth	user
5	contenttypes	contenttype
6	sessions	session
7	models	country
8	models	city
9	models	cinema
10	models	hall
11	models	movie
12	models	seat
13	models	show
14	models	booking
\.


--
-- Data for Name: django_migrations; Type: TABLE DATA; Schema: public; Owner: postgres
--

COPY public.django_migrations (id, app, name, applied) FROM stdin;
1	contenttypes	0001_initial	2025-01-29 17:45:17.628891+04
2	auth	0001_initial	2025-01-29 17:45:17.705313+04
3	admin	0001_initial	2025-01-29 17:45:17.72654+04
4	admin	0002_logentry_remove_auto_add	2025-01-29 17:45:17.739786+04
5	admin	0003_logentry_add_action_flag_choices	2025-01-29 17:45:17.747591+04
6	contenttypes	0002_remove_content_type_name	2025-01-29 17:45:17.768184+04
7	auth	0002_alter_permission_name_max_length	2025-01-29 17:45:17.776862+04
8	auth	0003_alter_user_email_max_length	2025-01-29 17:45:17.791216+04
9	auth	0004_alter_user_username_opts	2025-01-29 17:45:17.800157+04
10	auth	0005_alter_user_last_login_null	2025-01-29 17:45:17.808786+04
11	auth	0006_require_contenttypes_0002	2025-01-29 17:45:17.810143+04
12	auth	0007_alter_validators_add_error_messages	2025-01-29 17:45:17.817434+04
13	auth	0008_alter_user_username_max_length	2025-01-29 17:45:17.827455+04
14	auth	0009_alter_user_last_name_max_length	2025-01-29 17:45:17.835861+04
15	auth	0010_alter_group_name_max_length	2025-01-29 17:45:17.845862+04
16	auth	0011_update_proxy_permissions	2025-01-29 17:45:17.853807+04
17	auth	0012_alter_user_first_name_max_length	2025-01-29 17:45:17.864607+04
18	sessions	0001_initial	2025-01-29 17:45:17.872912+04
19	models	0001_initial	2025-01-29 17:59:41.622212+04
20	models	0002_city_created_at_city_updated_at_country_created_at_and_more	2025-01-29 18:11:40.129149+04
21	models	0003_movie_seat	2025-01-29 18:32:36.617476+04
22	models	0004_show	2025-01-29 18:41:04.520102+04
23	models	0005_show_created_at_show_standard_price_show_updated_at_and_more	2025-01-30 09:11:51.493291+04
24	models	0006_seat_seat_order	2025-01-30 09:22:05.98666+04
25	models	0007_booking	2025-01-30 09:43:51.856825+04
26	models	0008_alter_booking_total_price	2025-01-30 09:47:03.798885+04
27	models	0009_alter_booking_unique_together	2025-01-30 09:48:37.192092+04
\.


--
-- Data for Name: django_session; Type: TABLE DATA; Schema: public; Owner: postgres
--

COPY public.django_session (session_key, session_data, expire_date) FROM stdin;
ivrc9ap1wurndv1oa7ljbplhurzfp3ui	.eJxVjMsOwiAUBf-FtSEFChdcuvcbGrgcpGpo0sfK-O_apAvdnpk5LzHEba3DtmAexizOQonT75YiP9B2kO-x3SbJU1vnMcldkQdd5HXKeF4O9--gxqV-68KEgETIQYeeYCycJ18YQHHWcBeUNa4Dk9KJCulAAV1M3Bvfw4r3B__kODI:1td9GS:gzZQc9N_g3hnbDBdDNvTuqkgZFKQye9VmYu3BkZB4Eo	2025-02-12 18:42:00.601203+04
\.


--
-- Data for Name: models_booking; Type: TABLE DATA; Schema: public; Owner: postgres
--

COPY public.models_booking (id, customer_name, customer_email, customer_phone, status, total_price, created_at, updated_at, seat_id_id, show_id_id) FROM stdin;
2	Stepan	stepan00999@gmail.com	+37455979669	confirmed	5000	2025-01-30 09:46:39.709152+04	2025-01-30 09:46:39.709177+04	1	1
3	Aram	aram@gmail.com	+37455445544	confirmed	3000	2025-01-30 09:49:01.668826+04	2025-01-30 09:49:01.668853+04	81	1
5	Styop	GAs	+374558855	confirmed	5000	2025-01-30 16:02:52.246304+04	2025-01-30 16:02:52.249528+04	2	1
6	asfdasfsaf	safasf@geam.com	ssfa	confirmed	3000	2025-01-30 16:15:30.776117+04	2025-01-30 16:15:30.777943+04	29	1
7	Aram	aram@gmail.com	5544665	confirmed	3000	2025-01-30 16:17:37.328668+04	2025-01-30 16:17:37.336974+04	17	1
8	Styop	styop@gmail.com	sadas	confirmed	3000	2025-01-30 16:23:08.398879+04	2025-01-30 16:23:08.401746+04	27	1
9	Stepan	styop@gmail.com	55979669	confirmed	3000	2025-01-30 16:24:13.668867+04	2025-01-30 16:24:13.671352+04	18	1
10	Stepan	styop@gmail.com	dsadas	confirmed	3000	2025-01-30 16:25:03.861946+04	2025-01-30 16:25:03.864559+04	16	1
11	Stepan	styop@gmail.com	55979669	confirmed	3000	2025-01-30 16:25:52.015029+04	2025-01-30 16:25:52.01755+04	36	1
12	Stepan	styop@gmail.com	55979669	confirmed	3000	2025-01-30 16:26:07.871856+04	2025-01-30 16:26:07.873419+04	28	1
13	Stepan	styop@gmail.com	55979669	confirmed	3000	2025-01-30 16:26:28.825758+04	2025-01-30 16:26:28.828013+04	47	1
14	Stepan	fsdfsdfs@gmail.com	sadfas	confirmed	3000	2025-01-30 16:29:06.37079+04	2025-01-30 16:29:06.37383+04	26	1
16	Stepan	styop@gmail.com	55979669	confirmed	3000	2025-01-30 16:32:18.945383+04	2025-01-30 16:32:18.947518+04	69	1
17	Stepan	styop@gmail.com	sadfas	confirmed	10000	2025-01-30 16:32:43.057842+04	2025-01-30 16:32:43.059809+04	5	3
18	Stepan	styop@gmail.com	55979669	confirmed	1000	2025-01-30 17:05:23.410649+04	2025-01-30 17:05:23.41264+04	127	6
19	Stepan	styop@gmail.com	dsadas	confirmed	3000	2025-01-30 17:08:28.845285+04	2025-01-30 17:08:28.847548+04	55	1
20	Stepan	ds@5665	a	confirmed	5000	2025-01-30 17:10:24.979561+04	2025-01-30 17:10:24.981619+04	8	1
21	Stepan	styop@gmail.com	55979669	confirmed	3000	2025-01-30 17:11:26.226782+04	2025-01-30 17:11:26.228809+04	24	1
\.


--
-- Data for Name: models_cinema; Type: TABLE DATA; Schema: public; Owner: postgres
--

COPY public.models_cinema (id, name, phone_number, email, address, start_time, end_time, created_at, updated_at, city_id) FROM stdin;
1	Cinema Star	+37455889988	cinemastar@gmail.com	Random Address 55	09:00:00	22:00:00	2025-01-29 18:44:44.125647+04	2025-01-29 18:45:12.319186+04	1
2	Mega Mall	+37455979669	admin@admin.com	Random Address 55323	12:00:00	20:00:00	2025-01-30 13:28:57.253963+04	2025-01-30 13:28:57.253983+04	1
3	Kino Moskva	+37455979669	stepan00999@gmail.com	Random Address 554444	08:00:00	23:59:00	2025-01-30 16:47:18.732317+04	2025-01-30 17:05:04.197362+04	1
\.


--
-- Data for Name: models_city; Type: TABLE DATA; Schema: public; Owner: postgres
--

COPY public.models_city (id, name, country_id, created_at, updated_at) FROM stdin;
1	Yerevan	1	2025-01-29 18:43:56.012668+04	2025-01-30 09:09:10.406414+04
\.


--
-- Data for Name: models_country; Type: TABLE DATA; Schema: public; Owner: postgres
--

COPY public.models_country (id, name, created_at, updated_at) FROM stdin;
1	Armenia	2025-01-29 18:43:48.156881+04	2025-01-29 18:43:48.156915+04
\.


--
-- Data for Name: models_hall; Type: TABLE DATA; Schema: public; Owner: postgres
--

COPY public.models_hall (id, name, seat_rows, seats_per_row, created_at, updated_at, cinema_id_id) FROM stdin;
1	Blue Hall	8	10	2025-01-29 18:45:58.798902+04	2025-01-29 18:45:58.798922+04	1
2	Red	8	10	2025-01-30 11:13:52.724296+04	2025-01-30 11:13:52.72432+04	1
3	Hall 1	8	10	2025-01-30 16:48:08.996455+04	2025-01-30 16:48:08.996471+04	3
\.


--
-- Data for Name: models_movie; Type: TABLE DATA; Schema: public; Owner: postgres
--

COPY public.models_movie (id, name, description, duration, genre, created_at, updated_at) FROM stdin;
1	Peaky Blinders	A gangster family epic set in 1900s England, centering on a gang who sew razor blades in the peaks of their caps, and their fierce boss Tommy Shelby.	90	drama	2025-01-29 19:00:52.633965+04	2025-01-29 19:00:52.63399+04
2	Avatar	No description	120	drama	2025-01-30 17:03:48.681916+04	2025-01-30 17:03:48.681941+04
\.


--
-- Data for Name: models_seat; Type: TABLE DATA; Schema: public; Owner: postgres
--

COPY public.models_seat (id, row_number, seat_number, seat_type, hall_id, seat_order) FROM stdin;
1	1	1	vip	1	1
113	1	1	vip	3	1
114	1	2	vip	3	2
115	1	3	vip	3	3
116	1	4	vip	3	4
117	1	5	vip	3	5
118	1	6	vip	3	6
119	1	7	vip	3	7
120	1	8	vip	3	8
121	1	9	vip	3	9
122	1	10	vip	3	10
123	2	1	standard	3	11
124	2	2	standard	3	12
125	2	3	standard	3	13
126	2	4	standard	3	14
127	2	5	standard	3	15
128	2	6	standard	3	16
129	2	7	standard	3	17
130	2	8	standard	3	18
131	2	9	standard	3	19
132	2	10	standard	3	20
133	3	1	standard	3	21
134	3	2	standard	3	22
135	3	3	standard	3	23
136	3	4	standard	3	24
137	3	5	standard	3	25
138	3	6	standard	3	26
139	3	7	standard	3	27
140	3	8	standard	3	28
141	3	9	standard	3	29
142	3	10	standard	3	30
143	4	1	standard	3	31
144	4	2	standard	3	32
145	4	3	standard	3	33
146	4	4	standard	3	34
147	4	5	standard	3	35
148	4	6	standard	3	36
149	4	7	standard	3	37
150	4	8	standard	3	38
151	4	9	standard	3	39
152	4	10	standard	3	40
153	5	1	standard	3	41
154	5	2	standard	3	42
155	5	3	standard	3	43
156	5	4	standard	3	44
157	5	5	standard	3	45
158	5	6	standard	3	46
159	5	7	standard	3	47
160	5	8	standard	3	48
161	5	9	standard	3	49
162	5	10	standard	3	50
163	6	1	standard	3	51
164	6	2	standard	3	52
165	6	3	standard	3	53
166	6	4	standard	3	54
167	6	5	standard	3	55
168	6	6	standard	3	56
169	6	7	standard	3	57
170	6	8	standard	3	58
2	1	2	vip	1	2
3	1	3	vip	1	3
4	1	4	vip	1	4
5	1	5	vip	1	5
6	1	6	vip	1	6
7	1	7	vip	1	7
8	1	8	vip	1	8
9	1	9	vip	1	9
10	1	10	vip	1	10
11	2	1	standard	1	11
12	2	2	standard	1	12
13	2	3	standard	1	13
14	2	4	standard	1	14
15	2	5	standard	1	15
16	2	6	standard	1	16
17	2	7	standard	1	17
18	2	8	standard	1	18
19	2	9	standard	1	19
20	2	10	standard	1	20
22	3	1	standard	1	21
23	3	2	standard	1	22
24	3	3	standard	1	23
25	3	4	standard	1	24
26	3	5	standard	1	25
27	3	6	standard	1	26
28	3	7	standard	1	27
29	3	8	standard	1	28
30	3	9	standard	1	29
31	3	10	standard	1	30
32	4	1	standard	1	31
33	4	2	standard	1	32
34	4	3	standard	1	33
35	4	4	standard	1	34
36	4	5	standard	1	35
37	4	6	standard	1	36
38	4	7	standard	1	37
39	4	8	standard	1	38
40	4	9	standard	1	39
41	4	10	standard	1	40
42	5	1	standard	1	41
43	5	2	standard	1	42
44	5	3	standard	1	43
45	5	4	standard	1	44
46	5	5	standard	1	45
47	5	6	standard	1	46
48	5	7	standard	1	47
49	5	8	standard	1	48
50	5	9	standard	1	49
51	5	10	standard	1	50
52	6	1	standard	1	51
53	6	2	standard	1	52
54	6	3	standard	1	53
55	6	4	standard	1	54
56	6	5	standard	1	55
57	6	6	standard	1	56
58	6	7	standard	1	57
59	6	8	standard	1	58
60	6	9	standard	1	59
61	6	10	standard	1	60
62	7	1	standard	1	61
63	7	2	standard	1	62
64	7	3	standard	1	63
65	7	4	standard	1	64
66	7	5	standard	1	65
67	7	6	standard	1	66
68	7	7	standard	1	67
69	7	8	standard	1	68
70	7	9	standard	1	69
71	7	10	standard	1	70
72	8	1	standard	1	71
73	8	2	standard	1	72
74	8	3	standard	1	73
75	8	4	standard	1	74
76	8	5	standard	1	75
77	8	6	standard	1	76
78	8	7	standard	1	77
79	8	8	standard	1	78
80	8	9	standard	1	79
81	8	10	standard	1	80
171	6	9	standard	3	59
172	6	10	standard	3	60
173	7	1	standard	3	61
174	7	2	standard	3	62
175	7	3	standard	3	63
176	7	4	standard	3	64
177	7	5	standard	3	65
178	7	6	standard	3	66
179	7	7	standard	3	67
180	7	8	standard	3	68
181	7	9	standard	3	69
182	7	10	standard	3	70
183	8	1	standard	3	71
184	8	2	standard	3	72
185	8	3	standard	3	73
186	8	4	standard	3	74
187	8	5	standard	3	75
188	8	6	standard	3	76
189	8	7	standard	3	77
190	8	8	standard	3	78
191	8	9	standard	3	79
192	8	10	standard	3	80
563	1	1	vip	2	1
564	1	2	vip	2	2
565	1	3	vip	2	3
566	1	4	vip	2	4
567	1	5	vip	2	5
568	1	6	vip	2	6
569	1	7	vip	2	7
570	1	8	vip	2	8
571	1	9	vip	2	9
572	1	10	vip	2	10
573	2	1	standard	2	11
574	2	2	standard	2	12
575	2	3	standard	2	13
576	2	4	standard	2	14
577	2	5	standard	2	15
578	2	6	standard	2	16
579	2	7	standard	2	17
580	2	8	standard	2	18
581	2	9	standard	2	19
582	2	10	standard	2	20
583	3	1	standard	2	21
584	3	2	standard	2	22
585	3	3	standard	2	23
586	3	4	standard	2	24
587	3	5	standard	2	25
588	3	6	standard	2	26
589	3	7	standard	2	27
590	3	8	standard	2	28
591	3	9	standard	2	29
592	3	10	standard	2	30
593	4	1	standard	2	31
594	4	2	standard	2	32
595	4	3	standard	2	33
596	4	4	standard	2	34
597	4	5	standard	2	35
598	4	6	standard	2	36
599	4	7	standard	2	37
600	4	8	standard	2	38
601	4	9	standard	2	39
602	4	10	standard	2	40
603	5	1	standard	2	41
604	5	2	standard	2	42
605	5	3	standard	2	43
606	5	4	standard	2	44
607	5	5	standard	2	45
608	5	6	standard	2	46
609	5	7	standard	2	47
610	5	8	standard	2	48
611	5	9	standard	2	49
612	5	10	standard	2	50
613	6	1	standard	2	51
614	6	2	standard	2	52
615	6	3	standard	2	53
616	6	4	standard	2	54
617	6	5	standard	2	55
618	6	6	standard	2	56
619	6	7	standard	2	57
620	6	8	standard	2	58
621	6	9	standard	2	59
622	6	10	standard	2	60
623	7	1	standard	2	61
624	7	2	standard	2	62
625	7	3	standard	2	63
626	7	4	standard	2	64
627	7	5	standard	2	65
628	7	6	standard	2	66
629	7	7	standard	2	67
630	7	8	standard	2	68
631	7	9	standard	2	69
632	7	10	standard	2	70
633	8	1	standard	2	71
634	8	2	standard	2	72
635	8	3	standard	2	73
636	8	4	standard	2	74
637	8	5	standard	2	75
638	8	6	standard	2	76
639	8	7	standard	2	77
640	8	8	standard	2	78
641	8	9	standard	2	79
642	8	10	standard	2	80
\.


--
-- Data for Name: models_show; Type: TABLE DATA; Schema: public; Owner: postgres
--

COPY public.models_show (id, date, "time", hall_id_id, movie_id_id, created_at, standard_price, updated_at, vip_price) FROM stdin;
2	2025-01-30	21:00:00	2	1	2025-01-30 11:32:09.362433+04	5000	2025-01-30 11:32:09.362451+04	10000
3	2025-01-30	19:00:00	1	1	2025-01-30 11:32:47.699169+04	5000	2025-01-30 11:32:47.699185+04	10000
5	2025-01-30	09:00:00	1	1	2025-01-30 11:44:19.163879+04	4444	2025-01-30 11:44:19.163887+04	5555
1	2025-01-30	21:00:00	1	1	2025-01-30 09:11:51.477391+04	3000	2025-01-30 16:45:21.799865+04	5000
6	2025-01-30	21:00:00	3	2	2025-01-30 17:05:11.023771+04	1000	2025-01-30 17:05:11.02379+04	2000
\.


--
-- Name: auth_group_id_seq; Type: SEQUENCE SET; Schema: public; Owner: postgres
--

SELECT pg_catalog.setval('public.auth_group_id_seq', 1, false);


--
-- Name: auth_group_permissions_id_seq; Type: SEQUENCE SET; Schema: public; Owner: postgres
--

SELECT pg_catalog.setval('public.auth_group_permissions_id_seq', 1, false);


--
-- Name: auth_permission_id_seq; Type: SEQUENCE SET; Schema: public; Owner: postgres
--

SELECT pg_catalog.setval('public.auth_permission_id_seq', 56, true);


--
-- Name: auth_user_groups_id_seq; Type: SEQUENCE SET; Schema: public; Owner: postgres
--

SELECT pg_catalog.setval('public.auth_user_groups_id_seq', 1, false);


--
-- Name: auth_user_id_seq; Type: SEQUENCE SET; Schema: public; Owner: postgres
--

SELECT pg_catalog.setval('public.auth_user_id_seq', 1, true);


--
-- Name: auth_user_user_permissions_id_seq; Type: SEQUENCE SET; Schema: public; Owner: postgres
--

SELECT pg_catalog.setval('public.auth_user_user_permissions_id_seq', 1, false);


--
-- Name: django_admin_log_id_seq; Type: SEQUENCE SET; Schema: public; Owner: postgres
--

SELECT pg_catalog.setval('public.django_admin_log_id_seq', 38, true);


--
-- Name: django_content_type_id_seq; Type: SEQUENCE SET; Schema: public; Owner: postgres
--

SELECT pg_catalog.setval('public.django_content_type_id_seq', 14, true);


--
-- Name: django_migrations_id_seq; Type: SEQUENCE SET; Schema: public; Owner: postgres
--

SELECT pg_catalog.setval('public.django_migrations_id_seq', 27, true);


--
-- Name: models_booking_id_seq; Type: SEQUENCE SET; Schema: public; Owner: postgres
--

SELECT pg_catalog.setval('public.models_booking_id_seq', 21, true);


--
-- Name: models_cinema_id_seq; Type: SEQUENCE SET; Schema: public; Owner: postgres
--

SELECT pg_catalog.setval('public.models_cinema_id_seq', 3, true);


--
-- Name: models_city_id_seq; Type: SEQUENCE SET; Schema: public; Owner: postgres
--

SELECT pg_catalog.setval('public.models_city_id_seq', 1, true);


--
-- Name: models_country_id_seq; Type: SEQUENCE SET; Schema: public; Owner: postgres
--

SELECT pg_catalog.setval('public.models_country_id_seq', 1, true);


--
-- Name: models_hall_id_seq; Type: SEQUENCE SET; Schema: public; Owner: postgres
--

SELECT pg_catalog.setval('public.models_hall_id_seq', 3, true);


--
-- Name: models_movie_id_seq; Type: SEQUENCE SET; Schema: public; Owner: postgres
--

SELECT pg_catalog.setval('public.models_movie_id_seq', 2, true);


--
-- Name: models_seat_id_seq; Type: SEQUENCE SET; Schema: public; Owner: postgres
--

SELECT pg_catalog.setval('public.models_seat_id_seq', 642, true);


--
-- Name: models_show_id_seq; Type: SEQUENCE SET; Schema: public; Owner: postgres
--

SELECT pg_catalog.setval('public.models_show_id_seq', 6, true);


--
-- Name: auth_group auth_group_name_key; Type: CONSTRAINT; Schema: public; Owner: postgres
--

ALTER TABLE ONLY public.auth_group
    ADD CONSTRAINT auth_group_name_key UNIQUE (name);


--
-- Name: auth_group_permissions auth_group_permissions_group_id_permission_id_0cd325b0_uniq; Type: CONSTRAINT; Schema: public; Owner: postgres
--

ALTER TABLE ONLY public.auth_group_permissions
    ADD CONSTRAINT auth_group_permissions_group_id_permission_id_0cd325b0_uniq UNIQUE (group_id, permission_id);


--
-- Name: auth_group_permissions auth_group_permissions_pkey; Type: CONSTRAINT; Schema: public; Owner: postgres
--

ALTER TABLE ONLY public.auth_group_permissions
    ADD CONSTRAINT auth_group_permissions_pkey PRIMARY KEY (id);


--
-- Name: auth_group auth_group_pkey; Type: CONSTRAINT; Schema: public; Owner: postgres
--

ALTER TABLE ONLY public.auth_group
    ADD CONSTRAINT auth_group_pkey PRIMARY KEY (id);


--
-- Name: auth_permission auth_permission_content_type_id_codename_01ab375a_uniq; Type: CONSTRAINT; Schema: public; Owner: postgres
--

ALTER TABLE ONLY public.auth_permission
    ADD CONSTRAINT auth_permission_content_type_id_codename_01ab375a_uniq UNIQUE (content_type_id, codename);


--
-- Name: auth_permission auth_permission_pkey; Type: CONSTRAINT; Schema: public; Owner: postgres
--

ALTER TABLE ONLY public.auth_permission
    ADD CONSTRAINT auth_permission_pkey PRIMARY KEY (id);


--
-- Name: auth_user_groups auth_user_groups_pkey; Type: CONSTRAINT; Schema: public; Owner: postgres
--

ALTER TABLE ONLY public.auth_user_groups
    ADD CONSTRAINT auth_user_groups_pkey PRIMARY KEY (id);


--
-- Name: auth_user_groups auth_user_groups_user_id_group_id_94350c0c_uniq; Type: CONSTRAINT; Schema: public; Owner: postgres
--

ALTER TABLE ONLY public.auth_user_groups
    ADD CONSTRAINT auth_user_groups_user_id_group_id_94350c0c_uniq UNIQUE (user_id, group_id);


--
-- Name: auth_user auth_user_pkey; Type: CONSTRAINT; Schema: public; Owner: postgres
--

ALTER TABLE ONLY public.auth_user
    ADD CONSTRAINT auth_user_pkey PRIMARY KEY (id);


--
-- Name: auth_user_user_permissions auth_user_user_permissions_pkey; Type: CONSTRAINT; Schema: public; Owner: postgres
--

ALTER TABLE ONLY public.auth_user_user_permissions
    ADD CONSTRAINT auth_user_user_permissions_pkey PRIMARY KEY (id);


--
-- Name: auth_user_user_permissions auth_user_user_permissions_user_id_permission_id_14a6b632_uniq; Type: CONSTRAINT; Schema: public; Owner: postgres
--

ALTER TABLE ONLY public.auth_user_user_permissions
    ADD CONSTRAINT auth_user_user_permissions_user_id_permission_id_14a6b632_uniq UNIQUE (user_id, permission_id);


--
-- Name: auth_user auth_user_username_key; Type: CONSTRAINT; Schema: public; Owner: postgres
--

ALTER TABLE ONLY public.auth_user
    ADD CONSTRAINT auth_user_username_key UNIQUE (username);


--
-- Name: django_admin_log django_admin_log_pkey; Type: CONSTRAINT; Schema: public; Owner: postgres
--

ALTER TABLE ONLY public.django_admin_log
    ADD CONSTRAINT django_admin_log_pkey PRIMARY KEY (id);


--
-- Name: django_content_type django_content_type_app_label_model_76bd3d3b_uniq; Type: CONSTRAINT; Schema: public; Owner: postgres
--

ALTER TABLE ONLY public.django_content_type
    ADD CONSTRAINT django_content_type_app_label_model_76bd3d3b_uniq UNIQUE (app_label, model);


--
-- Name: django_content_type django_content_type_pkey; Type: CONSTRAINT; Schema: public; Owner: postgres
--

ALTER TABLE ONLY public.django_content_type
    ADD CONSTRAINT django_content_type_pkey PRIMARY KEY (id);


--
-- Name: django_migrations django_migrations_pkey; Type: CONSTRAINT; Schema: public; Owner: postgres
--

ALTER TABLE ONLY public.django_migrations
    ADD CONSTRAINT django_migrations_pkey PRIMARY KEY (id);


--
-- Name: django_session django_session_pkey; Type: CONSTRAINT; Schema: public; Owner: postgres
--

ALTER TABLE ONLY public.django_session
    ADD CONSTRAINT django_session_pkey PRIMARY KEY (session_key);


--
-- Name: models_booking models_booking_pkey; Type: CONSTRAINT; Schema: public; Owner: postgres
--

ALTER TABLE ONLY public.models_booking
    ADD CONSTRAINT models_booking_pkey PRIMARY KEY (id);


--
-- Name: models_booking models_booking_show_id_id_seat_id_id_8e045784_uniq; Type: CONSTRAINT; Schema: public; Owner: postgres
--

ALTER TABLE ONLY public.models_booking
    ADD CONSTRAINT models_booking_show_id_id_seat_id_id_8e045784_uniq UNIQUE (show_id_id, seat_id_id);


--
-- Name: models_cinema models_cinema_pkey; Type: CONSTRAINT; Schema: public; Owner: postgres
--

ALTER TABLE ONLY public.models_cinema
    ADD CONSTRAINT models_cinema_pkey PRIMARY KEY (id);


--
-- Name: models_city models_city_pkey; Type: CONSTRAINT; Schema: public; Owner: postgres
--

ALTER TABLE ONLY public.models_city
    ADD CONSTRAINT models_city_pkey PRIMARY KEY (id);


--
-- Name: models_country models_country_pkey; Type: CONSTRAINT; Schema: public; Owner: postgres
--

ALTER TABLE ONLY public.models_country
    ADD CONSTRAINT models_country_pkey PRIMARY KEY (id);


--
-- Name: models_hall models_hall_pkey; Type: CONSTRAINT; Schema: public; Owner: postgres
--

ALTER TABLE ONLY public.models_hall
    ADD CONSTRAINT models_hall_pkey PRIMARY KEY (id);


--
-- Name: models_movie models_movie_pkey; Type: CONSTRAINT; Schema: public; Owner: postgres
--

ALTER TABLE ONLY public.models_movie
    ADD CONSTRAINT models_movie_pkey PRIMARY KEY (id);


--
-- Name: models_seat models_seat_hall_id_row_number_seat_number_e2734c32_uniq; Type: CONSTRAINT; Schema: public; Owner: postgres
--

ALTER TABLE ONLY public.models_seat
    ADD CONSTRAINT models_seat_hall_id_row_number_seat_number_e2734c32_uniq UNIQUE (hall_id, row_number, seat_number);


--
-- Name: models_seat models_seat_pkey; Type: CONSTRAINT; Schema: public; Owner: postgres
--

ALTER TABLE ONLY public.models_seat
    ADD CONSTRAINT models_seat_pkey PRIMARY KEY (id);


--
-- Name: models_show models_show_pkey; Type: CONSTRAINT; Schema: public; Owner: postgres
--

ALTER TABLE ONLY public.models_show
    ADD CONSTRAINT models_show_pkey PRIMARY KEY (id);


--
-- Name: auth_group_name_a6ea08ec_like; Type: INDEX; Schema: public; Owner: postgres
--

CREATE INDEX auth_group_name_a6ea08ec_like ON public.auth_group USING btree (name varchar_pattern_ops);


--
-- Name: auth_group_permissions_group_id_b120cbf9; Type: INDEX; Schema: public; Owner: postgres
--

CREATE INDEX auth_group_permissions_group_id_b120cbf9 ON public.auth_group_permissions USING btree (group_id);


--
-- Name: auth_group_permissions_permission_id_84c5c92e; Type: INDEX; Schema: public; Owner: postgres
--

CREATE INDEX auth_group_permissions_permission_id_84c5c92e ON public.auth_group_permissions USING btree (permission_id);


--
-- Name: auth_permission_content_type_id_2f476e4b; Type: INDEX; Schema: public; Owner: postgres
--

CREATE INDEX auth_permission_content_type_id_2f476e4b ON public.auth_permission USING btree (content_type_id);


--
-- Name: auth_user_groups_group_id_97559544; Type: INDEX; Schema: public; Owner: postgres
--

CREATE INDEX auth_user_groups_group_id_97559544 ON public.auth_user_groups USING btree (group_id);


--
-- Name: auth_user_groups_user_id_6a12ed8b; Type: INDEX; Schema: public; Owner: postgres
--

CREATE INDEX auth_user_groups_user_id_6a12ed8b ON public.auth_user_groups USING btree (user_id);


--
-- Name: auth_user_user_permissions_permission_id_1fbb5f2c; Type: INDEX; Schema: public; Owner: postgres
--

CREATE INDEX auth_user_user_permissions_permission_id_1fbb5f2c ON public.auth_user_user_permissions USING btree (permission_id);


--
-- Name: auth_user_user_permissions_user_id_a95ead1b; Type: INDEX; Schema: public; Owner: postgres
--

CREATE INDEX auth_user_user_permissions_user_id_a95ead1b ON public.auth_user_user_permissions USING btree (user_id);


--
-- Name: auth_user_username_6821ab7c_like; Type: INDEX; Schema: public; Owner: postgres
--

CREATE INDEX auth_user_username_6821ab7c_like ON public.auth_user USING btree (username varchar_pattern_ops);


--
-- Name: django_admin_log_content_type_id_c4bce8eb; Type: INDEX; Schema: public; Owner: postgres
--

CREATE INDEX django_admin_log_content_type_id_c4bce8eb ON public.django_admin_log USING btree (content_type_id);


--
-- Name: django_admin_log_user_id_c564eba6; Type: INDEX; Schema: public; Owner: postgres
--

CREATE INDEX django_admin_log_user_id_c564eba6 ON public.django_admin_log USING btree (user_id);


--
-- Name: django_session_expire_date_a5c62663; Type: INDEX; Schema: public; Owner: postgres
--

CREATE INDEX django_session_expire_date_a5c62663 ON public.django_session USING btree (expire_date);


--
-- Name: django_session_session_key_c0390e0f_like; Type: INDEX; Schema: public; Owner: postgres
--

CREATE INDEX django_session_session_key_c0390e0f_like ON public.django_session USING btree (session_key varchar_pattern_ops);


--
-- Name: models_booking_seat_id_id_ab0e4666; Type: INDEX; Schema: public; Owner: postgres
--

CREATE INDEX models_booking_seat_id_id_ab0e4666 ON public.models_booking USING btree (seat_id_id);


--
-- Name: models_booking_show_id_id_3a7ffee0; Type: INDEX; Schema: public; Owner: postgres
--

CREATE INDEX models_booking_show_id_id_3a7ffee0 ON public.models_booking USING btree (show_id_id);


--
-- Name: models_cinema_city_id_76ab9f9f; Type: INDEX; Schema: public; Owner: postgres
--

CREATE INDEX models_cinema_city_id_76ab9f9f ON public.models_cinema USING btree (city_id);


--
-- Name: models_city_country_id_84802de1; Type: INDEX; Schema: public; Owner: postgres
--

CREATE INDEX models_city_country_id_84802de1 ON public.models_city USING btree (country_id);


--
-- Name: models_hall_cinema_id_id_080377e5; Type: INDEX; Schema: public; Owner: postgres
--

CREATE INDEX models_hall_cinema_id_id_080377e5 ON public.models_hall USING btree (cinema_id_id);


--
-- Name: models_seat_hall_id_6924632b; Type: INDEX; Schema: public; Owner: postgres
--

CREATE INDEX models_seat_hall_id_6924632b ON public.models_seat USING btree (hall_id);


--
-- Name: models_show_hall_id_id_79a2d6e3; Type: INDEX; Schema: public; Owner: postgres
--

CREATE INDEX models_show_hall_id_id_79a2d6e3 ON public.models_show USING btree (hall_id_id);


--
-- Name: models_show_movie_id_id_aa574116; Type: INDEX; Schema: public; Owner: postgres
--

CREATE INDEX models_show_movie_id_id_aa574116 ON public.models_show USING btree (movie_id_id);


--
-- Name: auth_group_permissions auth_group_permissio_permission_id_84c5c92e_fk_auth_perm; Type: FK CONSTRAINT; Schema: public; Owner: postgres
--

ALTER TABLE ONLY public.auth_group_permissions
    ADD CONSTRAINT auth_group_permissio_permission_id_84c5c92e_fk_auth_perm FOREIGN KEY (permission_id) REFERENCES public.auth_permission(id) DEFERRABLE INITIALLY DEFERRED;


--
-- Name: auth_group_permissions auth_group_permissions_group_id_b120cbf9_fk_auth_group_id; Type: FK CONSTRAINT; Schema: public; Owner: postgres
--

ALTER TABLE ONLY public.auth_group_permissions
    ADD CONSTRAINT auth_group_permissions_group_id_b120cbf9_fk_auth_group_id FOREIGN KEY (group_id) REFERENCES public.auth_group(id) DEFERRABLE INITIALLY DEFERRED;


--
-- Name: auth_permission auth_permission_content_type_id_2f476e4b_fk_django_co; Type: FK CONSTRAINT; Schema: public; Owner: postgres
--

ALTER TABLE ONLY public.auth_permission
    ADD CONSTRAINT auth_permission_content_type_id_2f476e4b_fk_django_co FOREIGN KEY (content_type_id) REFERENCES public.django_content_type(id) DEFERRABLE INITIALLY DEFERRED;


--
-- Name: auth_user_groups auth_user_groups_group_id_97559544_fk_auth_group_id; Type: FK CONSTRAINT; Schema: public; Owner: postgres
--

ALTER TABLE ONLY public.auth_user_groups
    ADD CONSTRAINT auth_user_groups_group_id_97559544_fk_auth_group_id FOREIGN KEY (group_id) REFERENCES public.auth_group(id) DEFERRABLE INITIALLY DEFERRED;


--
-- Name: auth_user_groups auth_user_groups_user_id_6a12ed8b_fk_auth_user_id; Type: FK CONSTRAINT; Schema: public; Owner: postgres
--

ALTER TABLE ONLY public.auth_user_groups
    ADD CONSTRAINT auth_user_groups_user_id_6a12ed8b_fk_auth_user_id FOREIGN KEY (user_id) REFERENCES public.auth_user(id) DEFERRABLE INITIALLY DEFERRED;


--
-- Name: auth_user_user_permissions auth_user_user_permi_permission_id_1fbb5f2c_fk_auth_perm; Type: FK CONSTRAINT; Schema: public; Owner: postgres
--

ALTER TABLE ONLY public.auth_user_user_permissions
    ADD CONSTRAINT auth_user_user_permi_permission_id_1fbb5f2c_fk_auth_perm FOREIGN KEY (permission_id) REFERENCES public.auth_permission(id) DEFERRABLE INITIALLY DEFERRED;


--
-- Name: auth_user_user_permissions auth_user_user_permissions_user_id_a95ead1b_fk_auth_user_id; Type: FK CONSTRAINT; Schema: public; Owner: postgres
--

ALTER TABLE ONLY public.auth_user_user_permissions
    ADD CONSTRAINT auth_user_user_permissions_user_id_a95ead1b_fk_auth_user_id FOREIGN KEY (user_id) REFERENCES public.auth_user(id) DEFERRABLE INITIALLY DEFERRED;


--
-- Name: django_admin_log django_admin_log_content_type_id_c4bce8eb_fk_django_co; Type: FK CONSTRAINT; Schema: public; Owner: postgres
--

ALTER TABLE ONLY public.django_admin_log
    ADD CONSTRAINT django_admin_log_content_type_id_c4bce8eb_fk_django_co FOREIGN KEY (content_type_id) REFERENCES public.django_content_type(id) DEFERRABLE INITIALLY DEFERRED;


--
-- Name: django_admin_log django_admin_log_user_id_c564eba6_fk_auth_user_id; Type: FK CONSTRAINT; Schema: public; Owner: postgres
--

ALTER TABLE ONLY public.django_admin_log
    ADD CONSTRAINT django_admin_log_user_id_c564eba6_fk_auth_user_id FOREIGN KEY (user_id) REFERENCES public.auth_user(id) DEFERRABLE INITIALLY DEFERRED;


--
-- Name: models_booking models_booking_seat_id_id_ab0e4666_fk_models_seat_id; Type: FK CONSTRAINT; Schema: public; Owner: postgres
--

ALTER TABLE ONLY public.models_booking
    ADD CONSTRAINT models_booking_seat_id_id_ab0e4666_fk_models_seat_id FOREIGN KEY (seat_id_id) REFERENCES public.models_seat(id) DEFERRABLE INITIALLY DEFERRED;


--
-- Name: models_booking models_booking_show_id_id_3a7ffee0_fk_models_show_id; Type: FK CONSTRAINT; Schema: public; Owner: postgres
--

ALTER TABLE ONLY public.models_booking
    ADD CONSTRAINT models_booking_show_id_id_3a7ffee0_fk_models_show_id FOREIGN KEY (show_id_id) REFERENCES public.models_show(id) DEFERRABLE INITIALLY DEFERRED;


--
-- Name: models_cinema models_cinema_city_id_76ab9f9f_fk_models_city_id; Type: FK CONSTRAINT; Schema: public; Owner: postgres
--

ALTER TABLE ONLY public.models_cinema
    ADD CONSTRAINT models_cinema_city_id_76ab9f9f_fk_models_city_id FOREIGN KEY (city_id) REFERENCES public.models_city(id) DEFERRABLE INITIALLY DEFERRED;


--
-- Name: models_city models_city_country_id_84802de1_fk_models_country_id; Type: FK CONSTRAINT; Schema: public; Owner: postgres
--

ALTER TABLE ONLY public.models_city
    ADD CONSTRAINT models_city_country_id_84802de1_fk_models_country_id FOREIGN KEY (country_id) REFERENCES public.models_country(id) DEFERRABLE INITIALLY DEFERRED;


--
-- Name: models_hall models_hall_cinema_id_id_080377e5_fk_models_cinema_id; Type: FK CONSTRAINT; Schema: public; Owner: postgres
--

ALTER TABLE ONLY public.models_hall
    ADD CONSTRAINT models_hall_cinema_id_id_080377e5_fk_models_cinema_id FOREIGN KEY (cinema_id_id) REFERENCES public.models_cinema(id) DEFERRABLE INITIALLY DEFERRED;


--
-- Name: models_seat models_seat_hall_id_6924632b_fk_models_hall_id; Type: FK CONSTRAINT; Schema: public; Owner: postgres
--

ALTER TABLE ONLY public.models_seat
    ADD CONSTRAINT models_seat_hall_id_6924632b_fk_models_hall_id FOREIGN KEY (hall_id) REFERENCES public.models_hall(id) DEFERRABLE INITIALLY DEFERRED;


--
-- Name: models_show models_show_hall_id_id_79a2d6e3_fk_models_hall_id; Type: FK CONSTRAINT; Schema: public; Owner: postgres
--

ALTER TABLE ONLY public.models_show
    ADD CONSTRAINT models_show_hall_id_id_79a2d6e3_fk_models_hall_id FOREIGN KEY (hall_id_id) REFERENCES public.models_hall(id) DEFERRABLE INITIALLY DEFERRED;


--
-- Name: models_show models_show_movie_id_id_aa574116_fk_models_movie_id; Type: FK CONSTRAINT; Schema: public; Owner: postgres
--

ALTER TABLE ONLY public.models_show
    ADD CONSTRAINT models_show_movie_id_id_aa574116_fk_models_movie_id FOREIGN KEY (movie_id_id) REFERENCES public.models_movie(id) DEFERRABLE INITIALLY DEFERRED;


--
-- PostgreSQL database dump complete
--

