[{"model": "admin.logentry", "pk": 1, "fields": {"action_time": "2025-01-29T18:43:48.159", "user": 1, "content_type": 7, "object_id": "1", "object_repr": "Armenia", "action_flag": 1, "change_message": "[{\"added\": {}}]"}}, {"model": "admin.logentry", "pk": 2, "fields": {"action_time": "2025-01-29T18:43:56.014", "user": 1, "content_type": 8, "object_id": "1", "object_repr": "Yerevan, Armenia", "action_flag": 1, "change_message": "[{\"added\": {}}]"}}, {"model": "admin.logentry", "pk": 3, "fields": {"action_time": "2025-01-29T18:44:44.127", "user": 1, "content_type": 9, "object_id": "1", "object_repr": "Cinema object (1)", "action_flag": 1, "change_message": "[{\"added\": {}}]"}}, {"model": "admin.logentry", "pk": 4, "fields": {"action_time": "2025-01-29T18:45:12.321", "user": 1, "content_type": 9, "object_id": "1", "object_repr": "Cinema Star", "action_flag": 2, "change_message": "[{\"changed\": {\"fields\": [\"Name\"]}}]"}}, {"model": "admin.logentry", "pk": 5, "fields": {"action_time": "2025-01-29T18:45:58.800", "user": 1, "content_type": 10, "object_id": "1", "object_repr": "Blue Hall - Cinema Star", "action_flag": 1, "change_message": "[{\"added\": {}}]"}}, {"model": "admin.logentry", "pk": 6, "fields": {"action_time": "2025-01-29T18:46:18.665", "user": 1, "content_type": 12, "object_id": "1", "object_repr": "Hall: Blue Hall, Row: 1, Seat: 1", "action_flag": 1, "change_message": "[{\"added\": {}}]"}}, {"model": "admin.logentry", "pk": 7, "fields": {"action_time": "2025-01-29T18:49:58.451", "user": 1, "content_type": 12, "object_id": "2", "object_repr": "Hall: Blue Hall, Row: 1, Seat: 2", "action_flag": 1, "change_message": "[{\"added\": {}}]"}}, {"model": "admin.logentry", "pk": 8, "fields": {"action_time": "2025-01-29T18:50:09.411", "user": 1, "content_type": 12, "object_id": "3", "object_repr": "Hall: Blue Hall, Row: 1, Seat: 3", "action_flag": 1, "change_message": "[{\"added\": {}}]"}}, {"model": "admin.logentry", "pk": 9, "fields": {"action_time": "2025-01-29T18:50:15.560", "user": 1, "content_type": 12, "object_id": "4", "object_repr": "Hall: Blue Hall, Row: 1, Seat: 4", "action_flag": 1, "change_message": "[{\"added\": {}}]"}}, {"model": "admin.logentry", "pk": 10, "fields": {"action_time": "2025-01-29T18:50:20.833", "user": 1, "content_type": 12, "object_id": "5", "object_repr": "Hall: Blue Hall, Row: 1, Seat: 5", "action_flag": 1, "change_message": "[{\"added\": {}}]"}}, {"model": "admin.logentry", "pk": 11, "fields": {"action_time": "2025-01-29T18:50:27.358", "user": 1, "content_type": 12, "object_id": "6", "object_repr": "Hall: Blue Hall, Row: 1, Seat: 6", "action_flag": 1, "change_message": "[{\"added\": {}}]"}}, {"model": "admin.logentry", "pk": 12, "fields": {"action_time": "2025-01-29T18:50:46.422", "user": 1, "content_type": 12, "object_id": "7", "object_repr": "Hall: Blue Hall, Row: 1, Seat: 7", "action_flag": 1, "change_message": "[{\"added\": {}}]"}}, {"model": "admin.logentry", "pk": 13, "fields": {"action_time": "2025-01-29T18:50:53.240", "user": 1, "content_type": 12, "object_id": "8", "object_repr": "Hall: Blue Hall, Row: 1, Seat: 8", "action_flag": 1, "change_message": "[{\"added\": {}}]"}}, {"model": "admin.logentry", "pk": 14, "fields": {"action_time": "2025-01-29T18:50:59.235", "user": 1, "content_type": 12, "object_id": "9", "object_repr": "Hall: Blue Hall, Row: 1, Seat: 9", "action_flag": 1, "change_message": "[{\"added\": {}}]"}}, {"model": "admin.logentry", "pk": 15, "fields": {"action_time": "2025-01-29T18:51:04.403", "user": 1, "content_type": 12, "object_id": "10", "object_repr": "Hall: Blue Hall, Row: 1, Seat: 10", "action_flag": 1, "change_message": "[{\"added\": {}}]"}}, {"model": "admin.logentry", "pk": 16, "fields": {"action_time": "2025-01-29T18:51:25.215", "user": 1, "content_type": 12, "object_id": "11", "object_repr": "Hall: Blue Hall, Row: 2, Seat: 1", "action_flag": 1, "change_message": "[{\"added\": {}}]"}}, {"model": "admin.logentry", "pk": 17, "fields": {"action_time": "2025-01-29T19:00:52.636", "user": 1, "content_type": 11, "object_id": "1", "object_repr": "Peaky Blinders", "action_flag": 1, "change_message": "[{\"added\": {}}]"}}, {"model": "admin.logentry", "pk": 18, "fields": {"action_time": "2025-01-29T19:01:50.762", "user": 1, "content_type": 13, "object_id": "1", "object_repr": "Show object (1)", "action_flag": 1, "change_message": "[{\"added\": {}}]"}}, {"model": "admin.logentry", "pk": 19, "fields": {"action_time": "2025-01-30T08:44:02.858", "user": 1, "content_type": 13, "object_id": "1", "object_repr": "Peaky Blinders, Blue Hall, 2025-01-30 21:00 ", "action_flag": 2, "change_message": "[{\"changed\": {\"fields\": [\"Time\"]}}]"}}, {"model": "admin.logentry", "pk": 20, "fields": {"action_time": "2025-01-30T09:09:10.408", "user": 1, "content_type": 8, "object_id": "1", "object_repr": "Yerevan, Armenia", "action_flag": 2, "change_message": "[]"}}, {"model": "admin.logentry", "pk": 21, "fields": {"action_time": "2025-01-30T09:12:24.269", "user": 1, "content_type": 13, "object_id": "1", "object_repr": "Peaky Blinders, Blue Hall, 2025-01-30 21:00 ", "action_flag": 2, "change_message": "[]"}}, {"model": "admin.logentry", "pk": 22, "fields": {"action_time": "2025-01-30T09:22:57.770", "user": 1, "content_type": 12, "object_id": "2", "object_repr": "Hall: Blue Hall, Row: 1, Seat: 2", "action_flag": 2, "change_message": "[{\"changed\": {\"fields\": [\"Seat order\"]}}]"}}, {"model": "admin.logentry", "pk": 23, "fields": {"action_time": "2025-01-30T09:46:39.712", "user": 1, "content_type": 14, "object_id": "2", "object_repr": "Booking by Stepan for Peaky Blinders on 2025-01-30 at 21:00:00", "action_flag": 1, "change_message": "[{\"added\": {}}]"}}, {"model": "admin.logentry", "pk": 24, "fields": {"action_time": "2025-01-30T09:49:01.677", "user": 1, "content_type": 14, "object_id": "3", "object_repr": "Booking by Aram for Peaky Blinders on 2025-01-30 at 21:00:00", "action_flag": 1, "change_message": "[{\"added\": {}}]"}}, {"model": "admin.logentry", "pk": 25, "fields": {"action_time": "2025-01-30T11:13:52.726", "user": 1, "content_type": 10, "object_id": "2", "object_repr": "Red - Cinema Star", "action_flag": 1, "change_message": "[{\"added\": {}}]"}}, {"model": "admin.logentry", "pk": 26, "fields": {"action_time": "2025-01-30T11:32:09.364", "user": 1, "content_type": 13, "object_id": "2", "object_repr": "Peaky Blinders, Red, 2025-01-30 21:00 ", "action_flag": 1, "change_message": "[{\"added\": {}}]"}}, {"model": "admin.logentry", "pk": 27, "fields": {"action_time": "2025-01-30T11:32:47.700", "user": 1, "content_type": 13, "object_id": "3", "object_repr": "Peaky Blinders, Blue Hall, 2025-01-30 19:00 ", "action_flag": 1, "change_message": "[{\"added\": {}}]"}}, {"model": "admin.logentry", "pk": 28, "fields": {"action_time": "2025-01-30T11:43:15.192", "user": 1, "content_type": 13, "object_id": "4", "object_repr": "Peaky Blinders, Blue Hall, 2025-01-30 09:01 ", "action_flag": 1, "change_message": "[{\"added\": {}}]"}}, {"model": "admin.logentry", "pk": 29, "fields": {"action_time": "2025-01-30T11:44:05.509", "user": 1, "content_type": 13, "object_id": "4", "object_repr": "Peaky Blinders, Blue Hall, 2025-01-30 09:01 ", "action_flag": 3, "change_message": ""}}, {"model": "admin.logentry", "pk": 30, "fields": {"action_time": "2025-01-30T11:44:19.165", "user": 1, "content_type": 13, "object_id": "5", "object_repr": "Peaky Blinders, Blue Hall, 2025-01-30 09:00 ", "action_flag": 1, "change_message": "[{\"added\": {}}]"}}, {"model": "admin.logentry", "pk": 31, "fields": {"action_time": "2025-01-30T13:28:57.256", "user": 1, "content_type": 9, "object_id": "2", "object_repr": "Mega Mall", "action_flag": 1, "change_message": "[{\"added\": {}}]"}}, {"model": "admin.logentry", "pk": 32, "fields": {"action_time": "2025-01-30T16:39:20.151", "user": 1, "content_type": 13, "object_id": "1", "object_repr": "Peaky Blinders, Blue Hall, 2025-01-30 16:39 ", "action_flag": 2, "change_message": "[{\"changed\": {\"fields\": [\"Time\"]}}]"}}, {"model": "admin.logentry", "pk": 33, "fields": {"action_time": "2025-01-30T16:45:21.801", "user": 1, "content_type": 13, "object_id": "1", "object_repr": "Peaky Blinders, Blue Hall, 2025-01-30 21:00 ", "action_flag": 2, "change_message": "[{\"changed\": {\"fields\": [\"Time\"]}}]"}}, {"model": "admin.logentry", "pk": 34, "fields": {"action_time": "2025-01-30T16:47:18.734", "user": 1, "content_type": 9, "object_id": "3", "object_repr": "Kino Moskva", "action_flag": 1, "change_message": "[{\"added\": {}}]"}}, {"model": "admin.logentry", "pk": 35, "fields": {"action_time": "2025-01-30T16:48:08.997", "user": 1, "content_type": 10, "object_id": "3", "object_repr": "Hall 1 - Kino Moskva", "action_flag": 1, "change_message": "[{\"added\": {}}]"}}, {"model": "admin.logentry", "pk": 36, "fields": {"action_time": "2025-01-30T17:03:48.684", "user": 1, "content_type": 11, "object_id": "2", "object_repr": "Avatar", "action_flag": 1, "change_message": "[{\"added\": {}}]"}}, {"model": "admin.logentry", "pk": 37, "fields": {"action_time": "2025-01-30T17:05:04.199", "user": 1, "content_type": 9, "object_id": "3", "object_repr": "Kino Moskva", "action_flag": 2, "change_message": "[{\"changed\": {\"fields\": [\"End time\"]}}]"}}, {"model": "admin.logentry", "pk": 38, "fields": {"action_time": "2025-01-30T17:05:11.025", "user": 1, "content_type": 13, "object_id": "6", "object_repr": "Avatar, Hall 1, 2025-01-30 21:00 ", "action_flag": 1, "change_message": "[{\"added\": {}}]"}}, {"model": "auth.permission", "pk": 1, "fields": {"name": "Can add log entry", "content_type": 1, "codename": "add_logentry"}}, {"model": "auth.permission", "pk": 2, "fields": {"name": "Can change log entry", "content_type": 1, "codename": "change_logentry"}}, {"model": "auth.permission", "pk": 3, "fields": {"name": "Can delete log entry", "content_type": 1, "codename": "delete_logentry"}}, {"model": "auth.permission", "pk": 4, "fields": {"name": "Can view log entry", "content_type": 1, "codename": "view_logentry"}}, {"model": "auth.permission", "pk": 5, "fields": {"name": "Can add permission", "content_type": 2, "codename": "add_permission"}}, {"model": "auth.permission", "pk": 6, "fields": {"name": "Can change permission", "content_type": 2, "codename": "change_permission"}}, {"model": "auth.permission", "pk": 7, "fields": {"name": "Can delete permission", "content_type": 2, "codename": "delete_permission"}}, {"model": "auth.permission", "pk": 8, "fields": {"name": "Can view permission", "content_type": 2, "codename": "view_permission"}}, {"model": "auth.permission", "pk": 9, "fields": {"name": "Can add group", "content_type": 3, "codename": "add_group"}}, {"model": "auth.permission", "pk": 10, "fields": {"name": "Can change group", "content_type": 3, "codename": "change_group"}}, {"model": "auth.permission", "pk": 11, "fields": {"name": "Can delete group", "content_type": 3, "codename": "delete_group"}}, {"model": "auth.permission", "pk": 12, "fields": {"name": "Can view group", "content_type": 3, "codename": "view_group"}}, {"model": "auth.permission", "pk": 13, "fields": {"name": "Can add user", "content_type": 4, "codename": "add_user"}}, {"model": "auth.permission", "pk": 14, "fields": {"name": "Can change user", "content_type": 4, "codename": "change_user"}}, {"model": "auth.permission", "pk": 15, "fields": {"name": "Can delete user", "content_type": 4, "codename": "delete_user"}}, {"model": "auth.permission", "pk": 16, "fields": {"name": "Can view user", "content_type": 4, "codename": "view_user"}}, {"model": "auth.permission", "pk": 17, "fields": {"name": "Can add content type", "content_type": 5, "codename": "add_contenttype"}}, {"model": "auth.permission", "pk": 18, "fields": {"name": "Can change content type", "content_type": 5, "codename": "change_contenttype"}}, {"model": "auth.permission", "pk": 19, "fields": {"name": "Can delete content type", "content_type": 5, "codename": "delete_contenttype"}}, {"model": "auth.permission", "pk": 20, "fields": {"name": "Can view content type", "content_type": 5, "codename": "view_contenttype"}}, {"model": "auth.permission", "pk": 21, "fields": {"name": "Can add session", "content_type": 6, "codename": "add_session"}}, {"model": "auth.permission", "pk": 22, "fields": {"name": "Can change session", "content_type": 6, "codename": "change_session"}}, {"model": "auth.permission", "pk": 23, "fields": {"name": "Can delete session", "content_type": 6, "codename": "delete_session"}}, {"model": "auth.permission", "pk": 24, "fields": {"name": "Can view session", "content_type": 6, "codename": "view_session"}}, {"model": "auth.permission", "pk": 25, "fields": {"name": "Can add country", "content_type": 7, "codename": "add_country"}}, {"model": "auth.permission", "pk": 26, "fields": {"name": "Can change country", "content_type": 7, "codename": "change_country"}}, {"model": "auth.permission", "pk": 27, "fields": {"name": "Can delete country", "content_type": 7, "codename": "delete_country"}}, {"model": "auth.permission", "pk": 28, "fields": {"name": "Can view country", "content_type": 7, "codename": "view_country"}}, {"model": "auth.permission", "pk": 29, "fields": {"name": "Can add city", "content_type": 8, "codename": "add_city"}}, {"model": "auth.permission", "pk": 30, "fields": {"name": "Can change city", "content_type": 8, "codename": "change_city"}}, {"model": "auth.permission", "pk": 31, "fields": {"name": "Can delete city", "content_type": 8, "codename": "delete_city"}}, {"model": "auth.permission", "pk": 32, "fields": {"name": "Can view city", "content_type": 8, "codename": "view_city"}}, {"model": "auth.permission", "pk": 33, "fields": {"name": "Can add cinema", "content_type": 9, "codename": "add_cinema"}}, {"model": "auth.permission", "pk": 34, "fields": {"name": "Can change cinema", "content_type": 9, "codename": "change_cinema"}}, {"model": "auth.permission", "pk": 35, "fields": {"name": "Can delete cinema", "content_type": 9, "codename": "delete_cinema"}}, {"model": "auth.permission", "pk": 36, "fields": {"name": "Can view cinema", "content_type": 9, "codename": "view_cinema"}}, {"model": "auth.permission", "pk": 37, "fields": {"name": "Can add hall", "content_type": 10, "codename": "add_hall"}}, {"model": "auth.permission", "pk": 38, "fields": {"name": "Can change hall", "content_type": 10, "codename": "change_hall"}}, {"model": "auth.permission", "pk": 39, "fields": {"name": "Can delete hall", "content_type": 10, "codename": "delete_hall"}}, {"model": "auth.permission", "pk": 40, "fields": {"name": "Can view hall", "content_type": 10, "codename": "view_hall"}}, {"model": "auth.permission", "pk": 41, "fields": {"name": "Can add movie", "content_type": 11, "codename": "add_movie"}}, {"model": "auth.permission", "pk": 42, "fields": {"name": "Can change movie", "content_type": 11, "codename": "change_movie"}}, {"model": "auth.permission", "pk": 43, "fields": {"name": "Can delete movie", "content_type": 11, "codename": "delete_movie"}}, {"model": "auth.permission", "pk": 44, "fields": {"name": "Can view movie", "content_type": 11, "codename": "view_movie"}}, {"model": "auth.permission", "pk": 45, "fields": {"name": "Can add seat", "content_type": 12, "codename": "add_seat"}}, {"model": "auth.permission", "pk": 46, "fields": {"name": "Can change seat", "content_type": 12, "codename": "change_seat"}}, {"model": "auth.permission", "pk": 47, "fields": {"name": "Can delete seat", "content_type": 12, "codename": "delete_seat"}}, {"model": "auth.permission", "pk": 48, "fields": {"name": "Can view seat", "content_type": 12, "codename": "view_seat"}}, {"model": "auth.permission", "pk": 49, "fields": {"name": "Can add show", "content_type": 13, "codename": "add_show"}}, {"model": "auth.permission", "pk": 50, "fields": {"name": "Can change show", "content_type": 13, "codename": "change_show"}}, {"model": "auth.permission", "pk": 51, "fields": {"name": "Can delete show", "content_type": 13, "codename": "delete_show"}}, {"model": "auth.permission", "pk": 52, "fields": {"name": "Can view show", "content_type": 13, "codename": "view_show"}}, {"model": "auth.permission", "pk": 53, "fields": {"name": "Can add booking", "content_type": 14, "codename": "add_booking"}}, {"model": "auth.permission", "pk": 54, "fields": {"name": "Can change booking", "content_type": 14, "codename": "change_booking"}}, {"model": "auth.permission", "pk": 55, "fields": {"name": "Can delete booking", "content_type": 14, "codename": "delete_booking"}}, {"model": "auth.permission", "pk": 56, "fields": {"name": "Can view booking", "content_type": 14, "codename": "view_booking"}}, {"model": "auth.user", "pk": 1, "fields": {"password": "pbkdf2_sha256$870000$Ti2Wm3oNzvdpJmAtFqy3s8$xaXZ5cbGH++70EBwY26Is1caCjteSL4q4z6DrbSAj2s=", "last_login": "2025-01-29T18:42:00.599", "is_superuser": true, "username": "stepan", "first_name": "", "last_name": "", "email": "", "is_staff": true, "is_active": true, "date_joined": "2025-01-29T18:41:45.531", "groups": [], "user_permissions": []}}, {"model": "contenttypes.contenttype", "pk": 1, "fields": {"app_label": "admin", "model": "logentry"}}, {"model": "contenttypes.contenttype", "pk": 2, "fields": {"app_label": "auth", "model": "permission"}}, {"model": "contenttypes.contenttype", "pk": 3, "fields": {"app_label": "auth", "model": "group"}}, {"model": "contenttypes.contenttype", "pk": 4, "fields": {"app_label": "auth", "model": "user"}}, {"model": "contenttypes.contenttype", "pk": 5, "fields": {"app_label": "contenttypes", "model": "contenttype"}}, {"model": "contenttypes.contenttype", "pk": 6, "fields": {"app_label": "sessions", "model": "session"}}, {"model": "contenttypes.contenttype", "pk": 7, "fields": {"app_label": "models", "model": "country"}}, {"model": "contenttypes.contenttype", "pk": 8, "fields": {"app_label": "models", "model": "city"}}, {"model": "contenttypes.contenttype", "pk": 9, "fields": {"app_label": "models", "model": "cinema"}}, {"model": "contenttypes.contenttype", "pk": 10, "fields": {"app_label": "models", "model": "hall"}}, {"model": "contenttypes.contenttype", "pk": 11, "fields": {"app_label": "models", "model": "movie"}}, {"model": "contenttypes.contenttype", "pk": 12, "fields": {"app_label": "models", "model": "seat"}}, {"model": "contenttypes.contenttype", "pk": 13, "fields": {"app_label": "models", "model": "show"}}, {"model": "contenttypes.contenttype", "pk": 14, "fields": {"app_label": "models", "model": "booking"}}, {"model": "sessions.session", "pk": "ivrc9ap1wurndv1oa7ljbplhurzfp3ui", "fields": {"session_data": ".eJxVjMsOwiAUBf-FtSEFChdcuvcbGrgcpGpo0sfK-O_apAvdnpk5LzHEba3DtmAexizOQonT75YiP9B2kO-x3SbJU1vnMcldkQdd5HXKeF4O9--gxqV-68KEgETIQYeeYCycJ18YQHHWcBeUNa4Dk9KJCulAAV1M3Bvfw4r3B__kODI:1td9GS:gzZQc9N_g3hnbDBdDNvTuqkgZFKQye9VmYu3BkZB4Eo", "expire_date": "2025-02-12T18:42:00.601"}}, {"model": "models.country", "pk": 1, "fields": {"name": "Armenia", "created_at": "2025-01-29T18:43:48.156", "updated_at": "2025-01-29T18:43:48.156"}}, {"model": "models.city", "pk": 1, "fields": {"name": "Yerevan", "country": 1, "created_at": "2025-01-29T18:43:56.012", "updated_at": "2025-01-30T09:09:10.406"}}, {"model": "models.cinema", "pk": 1, "fields": {"name": "Cinema Star", "phone_number": "+37455889988", "email": "cinemastar@gmail.com", "address": "Random Address 55", "city": 1, "start_time": "09:00:00", "end_time": "22:00:00", "created_at": "2025-01-29T18:44:44.125", "updated_at": "2025-01-29T18:45:12.319"}}, {"model": "models.cinema", "pk": 2, "fields": {"name": "Mega Mall", "phone_number": "+37455979669", "email": "admin@admin.com", "address": "Random Address 55323", "city": 1, "start_time": "12:00:00", "end_time": "20:00:00", "created_at": "2025-01-30T13:28:57.253", "updated_at": "2025-01-30T13:28:57.253"}}, {"model": "models.cinema", "pk": 3, "fields": {"name": "Kino Moskva", "phone_number": "+37455979669", "email": "stepan00999@gmail.com", "address": "Random Address 554444", "city": 1, "start_time": "08:00:00", "end_time": "23:59:00", "created_at": "2025-01-30T16:47:18.732", "updated_at": "2025-01-30T17:05:04.197"}}, {"model": "models.hall", "pk": 1, "fields": {"cinema_id": 1, "name": "Blue Hall", "seat_rows": 8, "seats_per_row": 10, "created_at": "2025-01-29T18:45:58.798", "updated_at": "2025-01-29T18:45:58.798"}}, {"model": "models.hall", "pk": 2, "fields": {"cinema_id": 1, "name": "Red", "seat_rows": 8, "seats_per_row": 10, "created_at": "2025-01-30T11:13:52.724", "updated_at": "2025-01-30T11:13:52.724"}}, {"model": "models.hall", "pk": 3, "fields": {"cinema_id": 3, "name": "Hall 1", "seat_rows": 8, "seats_per_row": 10, "created_at": "2025-01-30T16:48:08.996", "updated_at": "2025-01-30T16:48:08.996"}}, {"model": "models.seat", "pk": 1, "fields": {"hall": 1, "row_number": 1, "seat_number": 1, "seat_type": "vip", "seat_order": 1}}, {"model": "models.seat", "pk": 2, "fields": {"hall": 1, "row_number": 1, "seat_number": 2, "seat_type": "vip", "seat_order": 2}}, {"model": "models.seat", "pk": 3, "fields": {"hall": 1, "row_number": 1, "seat_number": 3, "seat_type": "vip", "seat_order": 3}}, {"model": "models.seat", "pk": 4, "fields": {"hall": 1, "row_number": 1, "seat_number": 4, "seat_type": "vip", "seat_order": 4}}, {"model": "models.seat", "pk": 5, "fields": {"hall": 1, "row_number": 1, "seat_number": 5, "seat_type": "vip", "seat_order": 5}}, {"model": "models.seat", "pk": 6, "fields": {"hall": 1, "row_number": 1, "seat_number": 6, "seat_type": "vip", "seat_order": 6}}, {"model": "models.seat", "pk": 7, "fields": {"hall": 1, "row_number": 1, "seat_number": 7, "seat_type": "vip", "seat_order": 7}}, {"model": "models.seat", "pk": 8, "fields": {"hall": 1, "row_number": 1, "seat_number": 8, "seat_type": "vip", "seat_order": 8}}, {"model": "models.seat", "pk": 9, "fields": {"hall": 1, "row_number": 1, "seat_number": 9, "seat_type": "vip", "seat_order": 9}}, {"model": "models.seat", "pk": 10, "fields": {"hall": 1, "row_number": 1, "seat_number": 10, "seat_type": "vip", "seat_order": 10}}, {"model": "models.seat", "pk": 11, "fields": {"hall": 1, "row_number": 2, "seat_number": 1, "seat_type": "standard", "seat_order": 11}}, {"model": "models.seat", "pk": 12, "fields": {"hall": 1, "row_number": 2, "seat_number": 2, "seat_type": "standard", "seat_order": 12}}, {"model": "models.seat", "pk": 13, "fields": {"hall": 1, "row_number": 2, "seat_number": 3, "seat_type": "standard", "seat_order": 13}}, {"model": "models.seat", "pk": 14, "fields": {"hall": 1, "row_number": 2, "seat_number": 4, "seat_type": "standard", "seat_order": 14}}, {"model": "models.seat", "pk": 15, "fields": {"hall": 1, "row_number": 2, "seat_number": 5, "seat_type": "standard", "seat_order": 15}}, {"model": "models.seat", "pk": 16, "fields": {"hall": 1, "row_number": 2, "seat_number": 6, "seat_type": "standard", "seat_order": 16}}, {"model": "models.seat", "pk": 17, "fields": {"hall": 1, "row_number": 2, "seat_number": 7, "seat_type": "standard", "seat_order": 17}}, {"model": "models.seat", "pk": 18, "fields": {"hall": 1, "row_number": 2, "seat_number": 8, "seat_type": "standard", "seat_order": 18}}, {"model": "models.seat", "pk": 19, "fields": {"hall": 1, "row_number": 2, "seat_number": 9, "seat_type": "standard", "seat_order": 19}}, {"model": "models.seat", "pk": 20, "fields": {"hall": 1, "row_number": 2, "seat_number": 10, "seat_type": "standard", "seat_order": 20}}, {"model": "models.seat", "pk": 22, "fields": {"hall": 1, "row_number": 3, "seat_number": 1, "seat_type": "standard", "seat_order": 21}}, {"model": "models.seat", "pk": 23, "fields": {"hall": 1, "row_number": 3, "seat_number": 2, "seat_type": "standard", "seat_order": 22}}, {"model": "models.seat", "pk": 24, "fields": {"hall": 1, "row_number": 3, "seat_number": 3, "seat_type": "standard", "seat_order": 23}}, {"model": "models.seat", "pk": 25, "fields": {"hall": 1, "row_number": 3, "seat_number": 4, "seat_type": "standard", "seat_order": 24}}, {"model": "models.seat", "pk": 26, "fields": {"hall": 1, "row_number": 3, "seat_number": 5, "seat_type": "standard", "seat_order": 25}}, {"model": "models.seat", "pk": 27, "fields": {"hall": 1, "row_number": 3, "seat_number": 6, "seat_type": "standard", "seat_order": 26}}, {"model": "models.seat", "pk": 28, "fields": {"hall": 1, "row_number": 3, "seat_number": 7, "seat_type": "standard", "seat_order": 27}}, {"model": "models.seat", "pk": 29, "fields": {"hall": 1, "row_number": 3, "seat_number": 8, "seat_type": "standard", "seat_order": 28}}, {"model": "models.seat", "pk": 30, "fields": {"hall": 1, "row_number": 3, "seat_number": 9, "seat_type": "standard", "seat_order": 29}}, {"model": "models.seat", "pk": 31, "fields": {"hall": 1, "row_number": 3, "seat_number": 10, "seat_type": "standard", "seat_order": 30}}, {"model": "models.seat", "pk": 32, "fields": {"hall": 1, "row_number": 4, "seat_number": 1, "seat_type": "standard", "seat_order": 31}}, {"model": "models.seat", "pk": 33, "fields": {"hall": 1, "row_number": 4, "seat_number": 2, "seat_type": "standard", "seat_order": 32}}, {"model": "models.seat", "pk": 34, "fields": {"hall": 1, "row_number": 4, "seat_number": 3, "seat_type": "standard", "seat_order": 33}}, {"model": "models.seat", "pk": 35, "fields": {"hall": 1, "row_number": 4, "seat_number": 4, "seat_type": "standard", "seat_order": 34}}, {"model": "models.seat", "pk": 36, "fields": {"hall": 1, "row_number": 4, "seat_number": 5, "seat_type": "standard", "seat_order": 35}}, {"model": "models.seat", "pk": 37, "fields": {"hall": 1, "row_number": 4, "seat_number": 6, "seat_type": "standard", "seat_order": 36}}, {"model": "models.seat", "pk": 38, "fields": {"hall": 1, "row_number": 4, "seat_number": 7, "seat_type": "standard", "seat_order": 37}}, {"model": "models.seat", "pk": 39, "fields": {"hall": 1, "row_number": 4, "seat_number": 8, "seat_type": "standard", "seat_order": 38}}, {"model": "models.seat", "pk": 40, "fields": {"hall": 1, "row_number": 4, "seat_number": 9, "seat_type": "standard", "seat_order": 39}}, {"model": "models.seat", "pk": 41, "fields": {"hall": 1, "row_number": 4, "seat_number": 10, "seat_type": "standard", "seat_order": 40}}, {"model": "models.seat", "pk": 42, "fields": {"hall": 1, "row_number": 5, "seat_number": 1, "seat_type": "standard", "seat_order": 41}}, {"model": "models.seat", "pk": 43, "fields": {"hall": 1, "row_number": 5, "seat_number": 2, "seat_type": "standard", "seat_order": 42}}, {"model": "models.seat", "pk": 44, "fields": {"hall": 1, "row_number": 5, "seat_number": 3, "seat_type": "standard", "seat_order": 43}}, {"model": "models.seat", "pk": 45, "fields": {"hall": 1, "row_number": 5, "seat_number": 4, "seat_type": "standard", "seat_order": 44}}, {"model": "models.seat", "pk": 46, "fields": {"hall": 1, "row_number": 5, "seat_number": 5, "seat_type": "standard", "seat_order": 45}}, {"model": "models.seat", "pk": 47, "fields": {"hall": 1, "row_number": 5, "seat_number": 6, "seat_type": "standard", "seat_order": 46}}, {"model": "models.seat", "pk": 48, "fields": {"hall": 1, "row_number": 5, "seat_number": 7, "seat_type": "standard", "seat_order": 47}}, {"model": "models.seat", "pk": 49, "fields": {"hall": 1, "row_number": 5, "seat_number": 8, "seat_type": "standard", "seat_order": 48}}, {"model": "models.seat", "pk": 50, "fields": {"hall": 1, "row_number": 5, "seat_number": 9, "seat_type": "standard", "seat_order": 49}}, {"model": "models.seat", "pk": 51, "fields": {"hall": 1, "row_number": 5, "seat_number": 10, "seat_type": "standard", "seat_order": 50}}, {"model": "models.seat", "pk": 52, "fields": {"hall": 1, "row_number": 6, "seat_number": 1, "seat_type": "standard", "seat_order": 51}}, {"model": "models.seat", "pk": 53, "fields": {"hall": 1, "row_number": 6, "seat_number": 2, "seat_type": "standard", "seat_order": 52}}, {"model": "models.seat", "pk": 54, "fields": {"hall": 1, "row_number": 6, "seat_number": 3, "seat_type": "standard", "seat_order": 53}}, {"model": "models.seat", "pk": 55, "fields": {"hall": 1, "row_number": 6, "seat_number": 4, "seat_type": "standard", "seat_order": 54}}, {"model": "models.seat", "pk": 56, "fields": {"hall": 1, "row_number": 6, "seat_number": 5, "seat_type": "standard", "seat_order": 55}}, {"model": "models.seat", "pk": 57, "fields": {"hall": 1, "row_number": 6, "seat_number": 6, "seat_type": "standard", "seat_order": 56}}, {"model": "models.seat", "pk": 58, "fields": {"hall": 1, "row_number": 6, "seat_number": 7, "seat_type": "standard", "seat_order": 57}}, {"model": "models.seat", "pk": 59, "fields": {"hall": 1, "row_number": 6, "seat_number": 8, "seat_type": "standard", "seat_order": 58}}, {"model": "models.seat", "pk": 60, "fields": {"hall": 1, "row_number": 6, "seat_number": 9, "seat_type": "standard", "seat_order": 59}}, {"model": "models.seat", "pk": 61, "fields": {"hall": 1, "row_number": 6, "seat_number": 10, "seat_type": "standard", "seat_order": 60}}, {"model": "models.seat", "pk": 62, "fields": {"hall": 1, "row_number": 7, "seat_number": 1, "seat_type": "standard", "seat_order": 61}}, {"model": "models.seat", "pk": 63, "fields": {"hall": 1, "row_number": 7, "seat_number": 2, "seat_type": "standard", "seat_order": 62}}, {"model": "models.seat", "pk": 64, "fields": {"hall": 1, "row_number": 7, "seat_number": 3, "seat_type": "standard", "seat_order": 63}}, {"model": "models.seat", "pk": 65, "fields": {"hall": 1, "row_number": 7, "seat_number": 4, "seat_type": "standard", "seat_order": 64}}, {"model": "models.seat", "pk": 66, "fields": {"hall": 1, "row_number": 7, "seat_number": 5, "seat_type": "standard", "seat_order": 65}}, {"model": "models.seat", "pk": 67, "fields": {"hall": 1, "row_number": 7, "seat_number": 6, "seat_type": "standard", "seat_order": 66}}, {"model": "models.seat", "pk": 68, "fields": {"hall": 1, "row_number": 7, "seat_number": 7, "seat_type": "standard", "seat_order": 67}}, {"model": "models.seat", "pk": 69, "fields": {"hall": 1, "row_number": 7, "seat_number": 8, "seat_type": "standard", "seat_order": 68}}, {"model": "models.seat", "pk": 70, "fields": {"hall": 1, "row_number": 7, "seat_number": 9, "seat_type": "standard", "seat_order": 69}}, {"model": "models.seat", "pk": 71, "fields": {"hall": 1, "row_number": 7, "seat_number": 10, "seat_type": "standard", "seat_order": 70}}, {"model": "models.seat", "pk": 72, "fields": {"hall": 1, "row_number": 8, "seat_number": 1, "seat_type": "standard", "seat_order": 71}}, {"model": "models.seat", "pk": 73, "fields": {"hall": 1, "row_number": 8, "seat_number": 2, "seat_type": "standard", "seat_order": 72}}, {"model": "models.seat", "pk": 74, "fields": {"hall": 1, "row_number": 8, "seat_number": 3, "seat_type": "standard", "seat_order": 73}}, {"model": "models.seat", "pk": 75, "fields": {"hall": 1, "row_number": 8, "seat_number": 4, "seat_type": "standard", "seat_order": 74}}, {"model": "models.seat", "pk": 76, "fields": {"hall": 1, "row_number": 8, "seat_number": 5, "seat_type": "standard", "seat_order": 75}}, {"model": "models.seat", "pk": 77, "fields": {"hall": 1, "row_number": 8, "seat_number": 6, "seat_type": "standard", "seat_order": 76}}, {"model": "models.seat", "pk": 78, "fields": {"hall": 1, "row_number": 8, "seat_number": 7, "seat_type": "standard", "seat_order": 77}}, {"model": "models.seat", "pk": 79, "fields": {"hall": 1, "row_number": 8, "seat_number": 8, "seat_type": "standard", "seat_order": 78}}, {"model": "models.seat", "pk": 80, "fields": {"hall": 1, "row_number": 8, "seat_number": 9, "seat_type": "standard", "seat_order": 79}}, {"model": "models.seat", "pk": 81, "fields": {"hall": 1, "row_number": 8, "seat_number": 10, "seat_type": "standard", "seat_order": 80}}, {"model": "models.seat", "pk": 113, "fields": {"hall": 3, "row_number": 1, "seat_number": 1, "seat_type": "vip", "seat_order": 1}}, {"model": "models.seat", "pk": 114, "fields": {"hall": 3, "row_number": 1, "seat_number": 2, "seat_type": "vip", "seat_order": 2}}, {"model": "models.seat", "pk": 115, "fields": {"hall": 3, "row_number": 1, "seat_number": 3, "seat_type": "vip", "seat_order": 3}}, {"model": "models.seat", "pk": 116, "fields": {"hall": 3, "row_number": 1, "seat_number": 4, "seat_type": "vip", "seat_order": 4}}, {"model": "models.seat", "pk": 117, "fields": {"hall": 3, "row_number": 1, "seat_number": 5, "seat_type": "vip", "seat_order": 5}}, {"model": "models.seat", "pk": 118, "fields": {"hall": 3, "row_number": 1, "seat_number": 6, "seat_type": "vip", "seat_order": 6}}, {"model": "models.seat", "pk": 119, "fields": {"hall": 3, "row_number": 1, "seat_number": 7, "seat_type": "vip", "seat_order": 7}}, {"model": "models.seat", "pk": 120, "fields": {"hall": 3, "row_number": 1, "seat_number": 8, "seat_type": "vip", "seat_order": 8}}, {"model": "models.seat", "pk": 121, "fields": {"hall": 3, "row_number": 1, "seat_number": 9, "seat_type": "vip", "seat_order": 9}}, {"model": "models.seat", "pk": 122, "fields": {"hall": 3, "row_number": 1, "seat_number": 10, "seat_type": "vip", "seat_order": 10}}, {"model": "models.seat", "pk": 123, "fields": {"hall": 3, "row_number": 2, "seat_number": 1, "seat_type": "standard", "seat_order": 11}}, {"model": "models.seat", "pk": 124, "fields": {"hall": 3, "row_number": 2, "seat_number": 2, "seat_type": "standard", "seat_order": 12}}, {"model": "models.seat", "pk": 125, "fields": {"hall": 3, "row_number": 2, "seat_number": 3, "seat_type": "standard", "seat_order": 13}}, {"model": "models.seat", "pk": 126, "fields": {"hall": 3, "row_number": 2, "seat_number": 4, "seat_type": "standard", "seat_order": 14}}, {"model": "models.seat", "pk": 127, "fields": {"hall": 3, "row_number": 2, "seat_number": 5, "seat_type": "standard", "seat_order": 15}}, {"model": "models.seat", "pk": 128, "fields": {"hall": 3, "row_number": 2, "seat_number": 6, "seat_type": "standard", "seat_order": 16}}, {"model": "models.seat", "pk": 129, "fields": {"hall": 3, "row_number": 2, "seat_number": 7, "seat_type": "standard", "seat_order": 17}}, {"model": "models.seat", "pk": 130, "fields": {"hall": 3, "row_number": 2, "seat_number": 8, "seat_type": "standard", "seat_order": 18}}, {"model": "models.seat", "pk": 131, "fields": {"hall": 3, "row_number": 2, "seat_number": 9, "seat_type": "standard", "seat_order": 19}}, {"model": "models.seat", "pk": 132, "fields": {"hall": 3, "row_number": 2, "seat_number": 10, "seat_type": "standard", "seat_order": 20}}, {"model": "models.seat", "pk": 133, "fields": {"hall": 3, "row_number": 3, "seat_number": 1, "seat_type": "standard", "seat_order": 21}}, {"model": "models.seat", "pk": 134, "fields": {"hall": 3, "row_number": 3, "seat_number": 2, "seat_type": "standard", "seat_order": 22}}, {"model": "models.seat", "pk": 135, "fields": {"hall": 3, "row_number": 3, "seat_number": 3, "seat_type": "standard", "seat_order": 23}}, {"model": "models.seat", "pk": 136, "fields": {"hall": 3, "row_number": 3, "seat_number": 4, "seat_type": "standard", "seat_order": 24}}, {"model": "models.seat", "pk": 137, "fields": {"hall": 3, "row_number": 3, "seat_number": 5, "seat_type": "standard", "seat_order": 25}}, {"model": "models.seat", "pk": 138, "fields": {"hall": 3, "row_number": 3, "seat_number": 6, "seat_type": "standard", "seat_order": 26}}, {"model": "models.seat", "pk": 139, "fields": {"hall": 3, "row_number": 3, "seat_number": 7, "seat_type": "standard", "seat_order": 27}}, {"model": "models.seat", "pk": 140, "fields": {"hall": 3, "row_number": 3, "seat_number": 8, "seat_type": "standard", "seat_order": 28}}, {"model": "models.seat", "pk": 141, "fields": {"hall": 3, "row_number": 3, "seat_number": 9, "seat_type": "standard", "seat_order": 29}}, {"model": "models.seat", "pk": 142, "fields": {"hall": 3, "row_number": 3, "seat_number": 10, "seat_type": "standard", "seat_order": 30}}, {"model": "models.seat", "pk": 143, "fields": {"hall": 3, "row_number": 4, "seat_number": 1, "seat_type": "standard", "seat_order": 31}}, {"model": "models.seat", "pk": 144, "fields": {"hall": 3, "row_number": 4, "seat_number": 2, "seat_type": "standard", "seat_order": 32}}, {"model": "models.seat", "pk": 145, "fields": {"hall": 3, "row_number": 4, "seat_number": 3, "seat_type": "standard", "seat_order": 33}}, {"model": "models.seat", "pk": 146, "fields": {"hall": 3, "row_number": 4, "seat_number": 4, "seat_type": "standard", "seat_order": 34}}, {"model": "models.seat", "pk": 147, "fields": {"hall": 3, "row_number": 4, "seat_number": 5, "seat_type": "standard", "seat_order": 35}}, {"model": "models.seat", "pk": 148, "fields": {"hall": 3, "row_number": 4, "seat_number": 6, "seat_type": "standard", "seat_order": 36}}, {"model": "models.seat", "pk": 149, "fields": {"hall": 3, "row_number": 4, "seat_number": 7, "seat_type": "standard", "seat_order": 37}}, {"model": "models.seat", "pk": 150, "fields": {"hall": 3, "row_number": 4, "seat_number": 8, "seat_type": "standard", "seat_order": 38}}, {"model": "models.seat", "pk": 151, "fields": {"hall": 3, "row_number": 4, "seat_number": 9, "seat_type": "standard", "seat_order": 39}}, {"model": "models.seat", "pk": 152, "fields": {"hall": 3, "row_number": 4, "seat_number": 10, "seat_type": "standard", "seat_order": 40}}, {"model": "models.seat", "pk": 153, "fields": {"hall": 3, "row_number": 5, "seat_number": 1, "seat_type": "standard", "seat_order": 41}}, {"model": "models.seat", "pk": 154, "fields": {"hall": 3, "row_number": 5, "seat_number": 2, "seat_type": "standard", "seat_order": 42}}, {"model": "models.seat", "pk": 155, "fields": {"hall": 3, "row_number": 5, "seat_number": 3, "seat_type": "standard", "seat_order": 43}}, {"model": "models.seat", "pk": 156, "fields": {"hall": 3, "row_number": 5, "seat_number": 4, "seat_type": "standard", "seat_order": 44}}, {"model": "models.seat", "pk": 157, "fields": {"hall": 3, "row_number": 5, "seat_number": 5, "seat_type": "standard", "seat_order": 45}}, {"model": "models.seat", "pk": 158, "fields": {"hall": 3, "row_number": 5, "seat_number": 6, "seat_type": "standard", "seat_order": 46}}, {"model": "models.seat", "pk": 159, "fields": {"hall": 3, "row_number": 5, "seat_number": 7, "seat_type": "standard", "seat_order": 47}}, {"model": "models.seat", "pk": 160, "fields": {"hall": 3, "row_number": 5, "seat_number": 8, "seat_type": "standard", "seat_order": 48}}, {"model": "models.seat", "pk": 161, "fields": {"hall": 3, "row_number": 5, "seat_number": 9, "seat_type": "standard", "seat_order": 49}}, {"model": "models.seat", "pk": 162, "fields": {"hall": 3, "row_number": 5, "seat_number": 10, "seat_type": "standard", "seat_order": 50}}, {"model": "models.seat", "pk": 163, "fields": {"hall": 3, "row_number": 6, "seat_number": 1, "seat_type": "standard", "seat_order": 51}}, {"model": "models.seat", "pk": 164, "fields": {"hall": 3, "row_number": 6, "seat_number": 2, "seat_type": "standard", "seat_order": 52}}, {"model": "models.seat", "pk": 165, "fields": {"hall": 3, "row_number": 6, "seat_number": 3, "seat_type": "standard", "seat_order": 53}}, {"model": "models.seat", "pk": 166, "fields": {"hall": 3, "row_number": 6, "seat_number": 4, "seat_type": "standard", "seat_order": 54}}, {"model": "models.seat", "pk": 167, "fields": {"hall": 3, "row_number": 6, "seat_number": 5, "seat_type": "standard", "seat_order": 55}}, {"model": "models.seat", "pk": 168, "fields": {"hall": 3, "row_number": 6, "seat_number": 6, "seat_type": "standard", "seat_order": 56}}, {"model": "models.seat", "pk": 169, "fields": {"hall": 3, "row_number": 6, "seat_number": 7, "seat_type": "standard", "seat_order": 57}}, {"model": "models.seat", "pk": 170, "fields": {"hall": 3, "row_number": 6, "seat_number": 8, "seat_type": "standard", "seat_order": 58}}, {"model": "models.seat", "pk": 171, "fields": {"hall": 3, "row_number": 6, "seat_number": 9, "seat_type": "standard", "seat_order": 59}}, {"model": "models.seat", "pk": 172, "fields": {"hall": 3, "row_number": 6, "seat_number": 10, "seat_type": "standard", "seat_order": 60}}, {"model": "models.seat", "pk": 173, "fields": {"hall": 3, "row_number": 7, "seat_number": 1, "seat_type": "standard", "seat_order": 61}}, {"model": "models.seat", "pk": 174, "fields": {"hall": 3, "row_number": 7, "seat_number": 2, "seat_type": "standard", "seat_order": 62}}, {"model": "models.seat", "pk": 175, "fields": {"hall": 3, "row_number": 7, "seat_number": 3, "seat_type": "standard", "seat_order": 63}}, {"model": "models.seat", "pk": 176, "fields": {"hall": 3, "row_number": 7, "seat_number": 4, "seat_type": "standard", "seat_order": 64}}, {"model": "models.seat", "pk": 177, "fields": {"hall": 3, "row_number": 7, "seat_number": 5, "seat_type": "standard", "seat_order": 65}}, {"model": "models.seat", "pk": 178, "fields": {"hall": 3, "row_number": 7, "seat_number": 6, "seat_type": "standard", "seat_order": 66}}, {"model": "models.seat", "pk": 179, "fields": {"hall": 3, "row_number": 7, "seat_number": 7, "seat_type": "standard", "seat_order": 67}}, {"model": "models.seat", "pk": 180, "fields": {"hall": 3, "row_number": 7, "seat_number": 8, "seat_type": "standard", "seat_order": 68}}, {"model": "models.seat", "pk": 181, "fields": {"hall": 3, "row_number": 7, "seat_number": 9, "seat_type": "standard", "seat_order": 69}}, {"model": "models.seat", "pk": 182, "fields": {"hall": 3, "row_number": 7, "seat_number": 10, "seat_type": "standard", "seat_order": 70}}, {"model": "models.seat", "pk": 183, "fields": {"hall": 3, "row_number": 8, "seat_number": 1, "seat_type": "standard", "seat_order": 71}}, {"model": "models.seat", "pk": 184, "fields": {"hall": 3, "row_number": 8, "seat_number": 2, "seat_type": "standard", "seat_order": 72}}, {"model": "models.seat", "pk": 185, "fields": {"hall": 3, "row_number": 8, "seat_number": 3, "seat_type": "standard", "seat_order": 73}}, {"model": "models.seat", "pk": 186, "fields": {"hall": 3, "row_number": 8, "seat_number": 4, "seat_type": "standard", "seat_order": 74}}, {"model": "models.seat", "pk": 187, "fields": {"hall": 3, "row_number": 8, "seat_number": 5, "seat_type": "standard", "seat_order": 75}}, {"model": "models.seat", "pk": 188, "fields": {"hall": 3, "row_number": 8, "seat_number": 6, "seat_type": "standard", "seat_order": 76}}, {"model": "models.seat", "pk": 189, "fields": {"hall": 3, "row_number": 8, "seat_number": 7, "seat_type": "standard", "seat_order": 77}}, {"model": "models.seat", "pk": 190, "fields": {"hall": 3, "row_number": 8, "seat_number": 8, "seat_type": "standard", "seat_order": 78}}, {"model": "models.seat", "pk": 191, "fields": {"hall": 3, "row_number": 8, "seat_number": 9, "seat_type": "standard", "seat_order": 79}}, {"model": "models.seat", "pk": 192, "fields": {"hall": 3, "row_number": 8, "seat_number": 10, "seat_type": "standard", "seat_order": 80}}, {"model": "models.seat", "pk": 563, "fields": {"hall": 2, "row_number": 1, "seat_number": 1, "seat_type": "vip", "seat_order": 1}}, {"model": "models.seat", "pk": 564, "fields": {"hall": 2, "row_number": 1, "seat_number": 2, "seat_type": "vip", "seat_order": 2}}, {"model": "models.seat", "pk": 565, "fields": {"hall": 2, "row_number": 1, "seat_number": 3, "seat_type": "vip", "seat_order": 3}}, {"model": "models.seat", "pk": 566, "fields": {"hall": 2, "row_number": 1, "seat_number": 4, "seat_type": "vip", "seat_order": 4}}, {"model": "models.seat", "pk": 567, "fields": {"hall": 2, "row_number": 1, "seat_number": 5, "seat_type": "vip", "seat_order": 5}}, {"model": "models.seat", "pk": 568, "fields": {"hall": 2, "row_number": 1, "seat_number": 6, "seat_type": "vip", "seat_order": 6}}, {"model": "models.seat", "pk": 569, "fields": {"hall": 2, "row_number": 1, "seat_number": 7, "seat_type": "vip", "seat_order": 7}}, {"model": "models.seat", "pk": 570, "fields": {"hall": 2, "row_number": 1, "seat_number": 8, "seat_type": "vip", "seat_order": 8}}, {"model": "models.seat", "pk": 571, "fields": {"hall": 2, "row_number": 1, "seat_number": 9, "seat_type": "vip", "seat_order": 9}}, {"model": "models.seat", "pk": 572, "fields": {"hall": 2, "row_number": 1, "seat_number": 10, "seat_type": "vip", "seat_order": 10}}, {"model": "models.seat", "pk": 573, "fields": {"hall": 2, "row_number": 2, "seat_number": 1, "seat_type": "standard", "seat_order": 11}}, {"model": "models.seat", "pk": 574, "fields": {"hall": 2, "row_number": 2, "seat_number": 2, "seat_type": "standard", "seat_order": 12}}, {"model": "models.seat", "pk": 575, "fields": {"hall": 2, "row_number": 2, "seat_number": 3, "seat_type": "standard", "seat_order": 13}}, {"model": "models.seat", "pk": 576, "fields": {"hall": 2, "row_number": 2, "seat_number": 4, "seat_type": "standard", "seat_order": 14}}, {"model": "models.seat", "pk": 577, "fields": {"hall": 2, "row_number": 2, "seat_number": 5, "seat_type": "standard", "seat_order": 15}}, {"model": "models.seat", "pk": 578, "fields": {"hall": 2, "row_number": 2, "seat_number": 6, "seat_type": "standard", "seat_order": 16}}, {"model": "models.seat", "pk": 579, "fields": {"hall": 2, "row_number": 2, "seat_number": 7, "seat_type": "standard", "seat_order": 17}}, {"model": "models.seat", "pk": 580, "fields": {"hall": 2, "row_number": 2, "seat_number": 8, "seat_type": "standard", "seat_order": 18}}, {"model": "models.seat", "pk": 581, "fields": {"hall": 2, "row_number": 2, "seat_number": 9, "seat_type": "standard", "seat_order": 19}}, {"model": "models.seat", "pk": 582, "fields": {"hall": 2, "row_number": 2, "seat_number": 10, "seat_type": "standard", "seat_order": 20}}, {"model": "models.seat", "pk": 583, "fields": {"hall": 2, "row_number": 3, "seat_number": 1, "seat_type": "standard", "seat_order": 21}}, {"model": "models.seat", "pk": 584, "fields": {"hall": 2, "row_number": 3, "seat_number": 2, "seat_type": "standard", "seat_order": 22}}, {"model": "models.seat", "pk": 585, "fields": {"hall": 2, "row_number": 3, "seat_number": 3, "seat_type": "standard", "seat_order": 23}}, {"model": "models.seat", "pk": 586, "fields": {"hall": 2, "row_number": 3, "seat_number": 4, "seat_type": "standard", "seat_order": 24}}, {"model": "models.seat", "pk": 587, "fields": {"hall": 2, "row_number": 3, "seat_number": 5, "seat_type": "standard", "seat_order": 25}}, {"model": "models.seat", "pk": 588, "fields": {"hall": 2, "row_number": 3, "seat_number": 6, "seat_type": "standard", "seat_order": 26}}, {"model": "models.seat", "pk": 589, "fields": {"hall": 2, "row_number": 3, "seat_number": 7, "seat_type": "standard", "seat_order": 27}}, {"model": "models.seat", "pk": 590, "fields": {"hall": 2, "row_number": 3, "seat_number": 8, "seat_type": "standard", "seat_order": 28}}, {"model": "models.seat", "pk": 591, "fields": {"hall": 2, "row_number": 3, "seat_number": 9, "seat_type": "standard", "seat_order": 29}}, {"model": "models.seat", "pk": 592, "fields": {"hall": 2, "row_number": 3, "seat_number": 10, "seat_type": "standard", "seat_order": 30}}, {"model": "models.seat", "pk": 593, "fields": {"hall": 2, "row_number": 4, "seat_number": 1, "seat_type": "standard", "seat_order": 31}}, {"model": "models.seat", "pk": 594, "fields": {"hall": 2, "row_number": 4, "seat_number": 2, "seat_type": "standard", "seat_order": 32}}, {"model": "models.seat", "pk": 595, "fields": {"hall": 2, "row_number": 4, "seat_number": 3, "seat_type": "standard", "seat_order": 33}}, {"model": "models.seat", "pk": 596, "fields": {"hall": 2, "row_number": 4, "seat_number": 4, "seat_type": "standard", "seat_order": 34}}, {"model": "models.seat", "pk": 597, "fields": {"hall": 2, "row_number": 4, "seat_number": 5, "seat_type": "standard", "seat_order": 35}}, {"model": "models.seat", "pk": 598, "fields": {"hall": 2, "row_number": 4, "seat_number": 6, "seat_type": "standard", "seat_order": 36}}, {"model": "models.seat", "pk": 599, "fields": {"hall": 2, "row_number": 4, "seat_number": 7, "seat_type": "standard", "seat_order": 37}}, {"model": "models.seat", "pk": 600, "fields": {"hall": 2, "row_number": 4, "seat_number": 8, "seat_type": "standard", "seat_order": 38}}, {"model": "models.seat", "pk": 601, "fields": {"hall": 2, "row_number": 4, "seat_number": 9, "seat_type": "standard", "seat_order": 39}}, {"model": "models.seat", "pk": 602, "fields": {"hall": 2, "row_number": 4, "seat_number": 10, "seat_type": "standard", "seat_order": 40}}, {"model": "models.seat", "pk": 603, "fields": {"hall": 2, "row_number": 5, "seat_number": 1, "seat_type": "standard", "seat_order": 41}}, {"model": "models.seat", "pk": 604, "fields": {"hall": 2, "row_number": 5, "seat_number": 2, "seat_type": "standard", "seat_order": 42}}, {"model": "models.seat", "pk": 605, "fields": {"hall": 2, "row_number": 5, "seat_number": 3, "seat_type": "standard", "seat_order": 43}}, {"model": "models.seat", "pk": 606, "fields": {"hall": 2, "row_number": 5, "seat_number": 4, "seat_type": "standard", "seat_order": 44}}, {"model": "models.seat", "pk": 607, "fields": {"hall": 2, "row_number": 5, "seat_number": 5, "seat_type": "standard", "seat_order": 45}}, {"model": "models.seat", "pk": 608, "fields": {"hall": 2, "row_number": 5, "seat_number": 6, "seat_type": "standard", "seat_order": 46}}, {"model": "models.seat", "pk": 609, "fields": {"hall": 2, "row_number": 5, "seat_number": 7, "seat_type": "standard", "seat_order": 47}}, {"model": "models.seat", "pk": 610, "fields": {"hall": 2, "row_number": 5, "seat_number": 8, "seat_type": "standard", "seat_order": 48}}, {"model": "models.seat", "pk": 611, "fields": {"hall": 2, "row_number": 5, "seat_number": 9, "seat_type": "standard", "seat_order": 49}}, {"model": "models.seat", "pk": 612, "fields": {"hall": 2, "row_number": 5, "seat_number": 10, "seat_type": "standard", "seat_order": 50}}, {"model": "models.seat", "pk": 613, "fields": {"hall": 2, "row_number": 6, "seat_number": 1, "seat_type": "standard", "seat_order": 51}}, {"model": "models.seat", "pk": 614, "fields": {"hall": 2, "row_number": 6, "seat_number": 2, "seat_type": "standard", "seat_order": 52}}, {"model": "models.seat", "pk": 615, "fields": {"hall": 2, "row_number": 6, "seat_number": 3, "seat_type": "standard", "seat_order": 53}}, {"model": "models.seat", "pk": 616, "fields": {"hall": 2, "row_number": 6, "seat_number": 4, "seat_type": "standard", "seat_order": 54}}, {"model": "models.seat", "pk": 617, "fields": {"hall": 2, "row_number": 6, "seat_number": 5, "seat_type": "standard", "seat_order": 55}}, {"model": "models.seat", "pk": 618, "fields": {"hall": 2, "row_number": 6, "seat_number": 6, "seat_type": "standard", "seat_order": 56}}, {"model": "models.seat", "pk": 619, "fields": {"hall": 2, "row_number": 6, "seat_number": 7, "seat_type": "standard", "seat_order": 57}}, {"model": "models.seat", "pk": 620, "fields": {"hall": 2, "row_number": 6, "seat_number": 8, "seat_type": "standard", "seat_order": 58}}, {"model": "models.seat", "pk": 621, "fields": {"hall": 2, "row_number": 6, "seat_number": 9, "seat_type": "standard", "seat_order": 59}}, {"model": "models.seat", "pk": 622, "fields": {"hall": 2, "row_number": 6, "seat_number": 10, "seat_type": "standard", "seat_order": 60}}, {"model": "models.seat", "pk": 623, "fields": {"hall": 2, "row_number": 7, "seat_number": 1, "seat_type": "standard", "seat_order": 61}}, {"model": "models.seat", "pk": 624, "fields": {"hall": 2, "row_number": 7, "seat_number": 2, "seat_type": "standard", "seat_order": 62}}, {"model": "models.seat", "pk": 625, "fields": {"hall": 2, "row_number": 7, "seat_number": 3, "seat_type": "standard", "seat_order": 63}}, {"model": "models.seat", "pk": 626, "fields": {"hall": 2, "row_number": 7, "seat_number": 4, "seat_type": "standard", "seat_order": 64}}, {"model": "models.seat", "pk": 627, "fields": {"hall": 2, "row_number": 7, "seat_number": 5, "seat_type": "standard", "seat_order": 65}}, {"model": "models.seat", "pk": 628, "fields": {"hall": 2, "row_number": 7, "seat_number": 6, "seat_type": "standard", "seat_order": 66}}, {"model": "models.seat", "pk": 629, "fields": {"hall": 2, "row_number": 7, "seat_number": 7, "seat_type": "standard", "seat_order": 67}}, {"model": "models.seat", "pk": 630, "fields": {"hall": 2, "row_number": 7, "seat_number": 8, "seat_type": "standard", "seat_order": 68}}, {"model": "models.seat", "pk": 631, "fields": {"hall": 2, "row_number": 7, "seat_number": 9, "seat_type": "standard", "seat_order": 69}}, {"model": "models.seat", "pk": 632, "fields": {"hall": 2, "row_number": 7, "seat_number": 10, "seat_type": "standard", "seat_order": 70}}, {"model": "models.seat", "pk": 633, "fields": {"hall": 2, "row_number": 8, "seat_number": 1, "seat_type": "standard", "seat_order": 71}}, {"model": "models.seat", "pk": 634, "fields": {"hall": 2, "row_number": 8, "seat_number": 2, "seat_type": "standard", "seat_order": 72}}, {"model": "models.seat", "pk": 635, "fields": {"hall": 2, "row_number": 8, "seat_number": 3, "seat_type": "standard", "seat_order": 73}}, {"model": "models.seat", "pk": 636, "fields": {"hall": 2, "row_number": 8, "seat_number": 4, "seat_type": "standard", "seat_order": 74}}, {"model": "models.seat", "pk": 637, "fields": {"hall": 2, "row_number": 8, "seat_number": 5, "seat_type": "standard", "seat_order": 75}}, {"model": "models.seat", "pk": 638, "fields": {"hall": 2, "row_number": 8, "seat_number": 6, "seat_type": "standard", "seat_order": 76}}, {"model": "models.seat", "pk": 639, "fields": {"hall": 2, "row_number": 8, "seat_number": 7, "seat_type": "standard", "seat_order": 77}}, {"model": "models.seat", "pk": 640, "fields": {"hall": 2, "row_number": 8, "seat_number": 8, "seat_type": "standard", "seat_order": 78}}, {"model": "models.seat", "pk": 641, "fields": {"hall": 2, "row_number": 8, "seat_number": 9, "seat_type": "standard", "seat_order": 79}}, {"model": "models.seat", "pk": 642, "fields": {"hall": 2, "row_number": 8, "seat_number": 10, "seat_type": "standard", "seat_order": 80}}, {"model": "models.movie", "pk": 1, "fields": {"name": "Peaky Blinders", "description": "A gangster family epic set in 1900s England, centering on a gang who sew razor blades in the peaks of their caps, and their fierce boss Tommy Shelby.", "duration": 90, "genre": "drama", "created_at": "2025-01-29T19:00:52.633", "updated_at": "2025-01-29T19:00:52.633"}}, {"model": "models.movie", "pk": 2, "fields": {"name": "Avatar", "description": "No description", "duration": 120, "genre": "drama", "created_at": "2025-01-30T17:03:48.681", "updated_at": "2025-01-30T17:03:48.681"}}, {"model": "models.show", "pk": 1, "fields": {"movie_id": 1, "hall_id": 1, "date": "2025-01-30", "time": "21:00:00", "standard_price": 3000.0, "vip_price": 5000.0, "created_at": "2025-01-30T09:11:51.477", "updated_at": "2025-01-30T16:45:21.799"}}, {"model": "models.show", "pk": 2, "fields": {"movie_id": 1, "hall_id": 2, "date": "2025-01-30", "time": "21:00:00", "standard_price": 5000.0, "vip_price": 10000.0, "created_at": "2025-01-30T11:32:09.362", "updated_at": "2025-01-30T11:32:09.362"}}, {"model": "models.show", "pk": 3, "fields": {"movie_id": 1, "hall_id": 1, "date": "2025-01-30", "time": "19:00:00", "standard_price": 5000.0, "vip_price": 10000.0, "created_at": "2025-01-30T11:32:47.699", "updated_at": "2025-01-30T11:32:47.699"}}, {"model": "models.show", "pk": 5, "fields": {"movie_id": 1, "hall_id": 1, "date": "2025-01-30", "time": "09:00:00", "standard_price": 4444.0, "vip_price": 5555.0, "created_at": "2025-01-30T11:44:19.163", "updated_at": "2025-01-30T11:44:19.163"}}, {"model": "models.show", "pk": 6, "fields": {"movie_id": 2, "hall_id": 3, "date": "2025-01-30", "time": "21:00:00", "standard_price": 1000.0, "vip_price": 2000.0, "created_at": "2025-01-30T17:05:11.023", "updated_at": "2025-01-30T17:05:11.023"}}, {"model": "models.booking", "pk": 2, "fields": {"show_id": 1, "seat_id": 1, "customer_name": "Stepan", "customer_email": "stepan00999@gmail.com", "customer_phone": "+37455979669", "status": "confirmed", "total_price": 5000.0, "created_at": "2025-01-30T09:46:39.709", "updated_at": "2025-01-30T09:46:39.709"}}, {"model": "models.booking", "pk": 3, "fields": {"show_id": 1, "seat_id": 81, "customer_name": "Aram", "customer_email": "aram@gmail.com", "customer_phone": "+37455445544", "status": "confirmed", "total_price": 3000.0, "created_at": "2025-01-30T09:49:01.668", "updated_at": "2025-01-30T09:49:01.668"}}, {"model": "models.booking", "pk": 5, "fields": {"show_id": 1, "seat_id": 2, "customer_name": "Styop", "customer_email": "GAs", "customer_phone": "+374558855", "status": "confirmed", "total_price": 5000.0, "created_at": "2025-01-30T16:02:52.246", "updated_at": "2025-01-30T16:02:52.249"}}, {"model": "models.booking", "pk": 6, "fields": {"show_id": 1, "seat_id": 29, "customer_name": "asfdasfsaf", "customer_email": "safasf@geam.com", "customer_phone": "ssfa", "status": "confirmed", "total_price": 3000.0, "created_at": "2025-01-30T16:15:30.776", "updated_at": "2025-01-30T16:15:30.777"}}, {"model": "models.booking", "pk": 7, "fields": {"show_id": 1, "seat_id": 17, "customer_name": "Aram", "customer_email": "aram@gmail.com", "customer_phone": "5544665", "status": "confirmed", "total_price": 3000.0, "created_at": "2025-01-30T16:17:37.328", "updated_at": "2025-01-30T16:17:37.336"}}, {"model": "models.booking", "pk": 8, "fields": {"show_id": 1, "seat_id": 27, "customer_name": "Styop", "customer_email": "styop@gmail.com", "customer_phone": "sadas", "status": "confirmed", "total_price": 3000.0, "created_at": "2025-01-30T16:23:08.398", "updated_at": "2025-01-30T16:23:08.401"}}, {"model": "models.booking", "pk": 9, "fields": {"show_id": 1, "seat_id": 18, "customer_name": "Stepan", "customer_email": "styop@gmail.com", "customer_phone": "55979669", "status": "confirmed", "total_price": 3000.0, "created_at": "2025-01-30T16:24:13.668", "updated_at": "2025-01-30T16:24:13.671"}}, {"model": "models.booking", "pk": 10, "fields": {"show_id": 1, "seat_id": 16, "customer_name": "Stepan", "customer_email": "styop@gmail.com", "customer_phone": "dsadas", "status": "confirmed", "total_price": 3000.0, "created_at": "2025-01-30T16:25:03.861", "updated_at": "2025-01-30T16:25:03.864"}}, {"model": "models.booking", "pk": 11, "fields": {"show_id": 1, "seat_id": 36, "customer_name": "Stepan", "customer_email": "styop@gmail.com", "customer_phone": "55979669", "status": "confirmed", "total_price": 3000.0, "created_at": "2025-01-30T16:25:52.015", "updated_at": "2025-01-30T16:25:52.017"}}, {"model": "models.booking", "pk": 12, "fields": {"show_id": 1, "seat_id": 28, "customer_name": "Stepan", "customer_email": "styop@gmail.com", "customer_phone": "55979669", "status": "confirmed", "total_price": 3000.0, "created_at": "2025-01-30T16:26:07.871", "updated_at": "2025-01-30T16:26:07.873"}}, {"model": "models.booking", "pk": 13, "fields": {"show_id": 1, "seat_id": 47, "customer_name": "Stepan", "customer_email": "styop@gmail.com", "customer_phone": "55979669", "status": "confirmed", "total_price": 3000.0, "created_at": "2025-01-30T16:26:28.825", "updated_at": "2025-01-30T16:26:28.828"}}, {"model": "models.booking", "pk": 14, "fields": {"show_id": 1, "seat_id": 26, "customer_name": "Stepan", "customer_email": "fsdfsdfs@gmail.com", "customer_phone": "sadfas", "status": "confirmed", "total_price": 3000.0, "created_at": "2025-01-30T16:29:06.370", "updated_at": "2025-01-30T16:29:06.373"}}, {"model": "models.booking", "pk": 16, "fields": {"show_id": 1, "seat_id": 69, "customer_name": "Stepan", "customer_email": "styop@gmail.com", "customer_phone": "55979669", "status": "confirmed", "total_price": 3000.0, "created_at": "2025-01-30T16:32:18.945", "updated_at": "2025-01-30T16:32:18.947"}}, {"model": "models.booking", "pk": 17, "fields": {"show_id": 3, "seat_id": 5, "customer_name": "Stepan", "customer_email": "styop@gmail.com", "customer_phone": "sadfas", "status": "confirmed", "total_price": 10000.0, "created_at": "2025-01-30T16:32:43.057", "updated_at": "2025-01-30T16:32:43.059"}}, {"model": "models.booking", "pk": 18, "fields": {"show_id": 6, "seat_id": 127, "customer_name": "Stepan", "customer_email": "styop@gmail.com", "customer_phone": "55979669", "status": "confirmed", "total_price": 1000.0, "created_at": "2025-01-30T17:05:23.410", "updated_at": "2025-01-30T17:05:23.412"}}, {"model": "models.booking", "pk": 19, "fields": {"show_id": 1, "seat_id": 55, "customer_name": "Stepan", "customer_email": "styop@gmail.com", "customer_phone": "dsadas", "status": "confirmed", "total_price": 3000.0, "created_at": "2025-01-30T17:08:28.845", "updated_at": "2025-01-30T17:08:28.847"}}, {"model": "models.booking", "pk": 20, "fields": {"show_id": 1, "seat_id": 8, "customer_name": "Stepan", "customer_email": "ds@5665", "customer_phone": "a", "status": "confirmed", "total_price": 5000.0, "created_at": "2025-01-30T17:10:24.979", "updated_at": "2025-01-30T17:10:24.981"}}, {"model": "models.booking", "pk": 21, "fields": {"show_id": 1, "seat_id": 24, "customer_name": "Stepan", "customer_email": "styop@gmail.com", "customer_phone": "55979669", "status": "confirmed", "total_price": 3000.0, "created_at": "2025-01-30T17:11:26.226", "updated_at": "2025-01-30T17:11:26.228"}}]